Date,Close,High,Low,Open,Volume,Return,Volatility,Momentum,Predicted_Return,Signal,Strategy_Return,Cumulative_Strategy_Return,Cumulative_Market_Return
2024-02-05,186.5598907470703,188.1205280355869,184.73087577921012,187.02708693103884,69668800,0.0098465579294921,0.0130973594012315,187.01053292410717,0.002213778,1,0.0098465579294921,1.0098465579294922,1.0098465579294922
2024-02-06,188.1702423095703,188.180177168222,185.65534280788864,185.7448020389232,43490800,0.0086318208916795,0.013118538222437,187.39489164806548,0.002213778,1,0.0086318208916795,1.0185633725456187,1.0185633725456187
2024-02-07,188.2795867919922,189.9097985097057,187.48435823433903,189.5022417883465,53439000,0.000581093381609,0.01211154794325,187.57713099888392,-0.0062811277,-1,0.000581093381609,1.0191552529801544,1.0191552529801544
2024-02-08,187.19610595703125,188.40881099372643,186.2318937425713,188.25971226684047,40962000,-0.0057546378416367,0.0121830228835748,187.7276567731585,0.0019393413,1,0.0057546378416367,1.0250201223654567,1.0132903835948521
2024-02-09,187.9624786376953,189.0971204380579,187.11646725876847,187.76340641648085,45155200,0.0040939563178732,0.0121568479386134,187.8649742489769,0.0019393413,1,0.0040939563178732,1.029216509971362,1.0174387501626105
2024-02-12,186.2704467773437,187.7833074995908,185.9121380585768,187.5344824223104,41781900,-0.0090019660977819,0.0123169821730111,187.9501204717727,0.033028036,1,-0.0090019660977819,1.0199515378413222,1.008279801027077
2024-02-13,184.1703643798828,185.33487911795885,182.64755610649428,184.89694454758447,56529500,-0.0112743724718243,0.0125774958007325,187.9196428571429,-0.0037100362,-1,-0.0112743724718243,1.0084522243004892,0.9969120789944809
2024-02-14,183.2845458984375,184.6580651852537,181.5825908741524,184.44906062504623,54630500,-0.0048097775362933,0.0123165803409191,187.95537966773625,0.033028036,1,0.0048097775362933,1.0133026551553546,0.9921171536712737
2024-02-15,182.9959259033203,183.622969993776,180.4977274519665,182.68738521978767,65434500,-0.0015747099336848,0.0122620096134535,188.0223410470145,0.02280424,1,-0.0015747099336848,1.0117069973984523,0.9905548569340085
2024-02-16,181.4532012939453,183.98127264473297,180.816209688257,182.5579852711476,49701400,-0.0084303768062576,0.0099329755904867,187.73419698079428,-0.00083660916,-1,-0.0084303768062576,1.003177926192856,0.9822041062427862
2024-02-20,180.7067108154297,181.57261717237213,179.1540448566047,180.93562562036504,53665600,-0.0041139559577477,0.0091407402452284,187.27181425548736,-0.0014120833,-1,0.0041139559577477,1.007304955998998,0.9781633618081845
2024-02-21,181.4631805419922,182.03049388623003,179.81097819372195,181.0849615211141,41529700,0.0041861739564013,0.0086560146094673,186.73516337076825,0.014482899,1,-0.0041861739564013,1.003088202226041,0.9822581237984919
2024-02-22,183.50352478027344,184.09076354210745,181.60251261136847,182.6177080564135,52292200,0.0112438470007367,0.0089600883388401,186.23461042131697,-0.00049742655,-1,0.0112438470007367,1.0143667725001146,0.9933024838577129
2024-02-23,181.66221618652344,184.17036202409395,181.37357059288817,184.1405042298665,45119700,-0.0100341865146992,0.0091048528459267,185.6785634358724,0.006786171,1,0.0100341865146992,1.0245451178896943,0.9833355014691706
2024-02-26,180.30862426757807,181.90109579673225,179.80101134340092,181.3835505229736,40867400,-0.0074511472300632,0.0091525825791664,185.0736803327288,-0.000588804,-1,-0.0074511472300632,1.0169110813724556,0.9760085238711758
2024-02-27,181.77169799804688,183.05562869813585,178.71611879819,180.24888975946536,54318900,0.0081142748241349,0.0093689264331422,184.6213030133929,0.003412138,1,-0.0081142748241349,1.0086595853864913,0.9839281252645647
2024-02-28,180.56739807128903,182.2594057262961,179.28346722817705,181.6522718703553,48953900,-0.0066253434391683,0.0094118492734714,184.1442398797898,0.003412138,1,-0.0066253434391683,1.0019768692200965,0.9774092635152299
2024-02-29,179.90054321289062,181.71199718953457,178.6862755375109,180.4181036615144,136682600,-0.003693107756557,0.0086079791733994,183.8100862048921,0.014463699,1,-0.003693107756557,0.9982764606724891,0.9737995857828112
2024-03-01,178.81565856933594,179.68156498512658,176.54637506189474,178.70617492699984,73488000,-0.006030468970129,0.0076899891953122,183.59657069614957,-0.0020633,-1,-0.006030468970129,0.9922563854527934,0.9679271175976235
2024-03-04,174.27708435058594,176.0686126971914,172.97322823226915,175.32213749041347,81510100,-0.0253813019232326,0.0086268686489464,183.0504884265718,0.014463699,1,0.0253813019232326,1.0174411443572262,0.9433598671861939
2024-03-05,169.3204803466797,171.23145507958293,168.82283020205665,169.9574719243141,95132400,-0.0284409394521155,0.0102589035532728,182.3161860874721,0.0024630337,1,-0.0284409394521155,0.9885041623744713,0.9165298263219956
2024-03-06,168.32518005371094,170.43522699407845,167.88724549652,170.256065044738,68587700,-0.0058782038116764,0.0097520628908347,181.44786653064543,0.0026338028,1,-0.0058782038116764,0.9826935334393437,0.9111422772033946
2024-03-07,168.2057647705078,169.92763018116116,167.6981670423948,168.35505375316498,71765100,-0.0007094320835718,0.0093098552430812,180.49717712402344,0.0005977213,1,-0.0007094320835718,0.9819963791184033,0.9104958836392478
2024-03-08,169.92762756347656,172.8836708711805,168.14604658720506,168.20576217934803,76114600,0.0102366455473033,0.0098375266934259,179.62327430361793,-0.0012228712,-1,0.0102366455473033,0.9920487279801737,0.9198163072723415
2024-03-11,171.93814086914062,173.56048535052068,171.2414336396481,172.12725037151972,60139500,0.0118315858020969,0.0104818786712452,178.8967045375279,-0.002354465,-1,-0.0118315858020969,0.9803112183352153,0.9306991928340023
2024-03-12,172.41586303710938,173.2121062975323,170.20629520329734,172.3362371923594,59825400,0.0027784537250077,0.0104349909710729,178.15638950892858,-0.002694746,-1,-0.0027784537250077,0.977587468978965,0.9332850974731935
2024-03-13,170.3257598876953,172.37607625258147,169.95748841772314,171.9580519129805,52488700,-0.0121224527290983,0.0105308050483011,177.3971187046596,-0.0047847712,-1,0.0121224527290983,0.9894382268602214,0.9219713929963028
2024-03-14,172.18695068359375,173.49079163745046,171.24141844268888,172.0973773021251,72913500,0.0109272419927886,0.0108931790210009,176.82647995721726,-0.0055613196,-1,-0.0109272419927886,0.9786263959184042,0.9320459975180019
2024-03-15,171.80873107910156,171.80873107910156,169.4896795825833,170.36554869703198,121664700,-0.0021965636942324,0.0108880966362966,176.28001258486793,-0.0055613196,-1,0.0021965636942324,0.9807760111298961,0.9299986991184992
2024-03-18,172.90357971191406,176.87483361469177,172.70452267737835,174.7448914522954,75604200,0.006372485414076,0.0110772129994866,175.79942467099144,0.0095383525,1,-0.006372485414076,0.9745260303044952,0.9359251022637416
2024-03-19,175.2524871826172,175.77999515234478,172.2168180823409,173.52065910891577,55215200,0.0135850713710889,0.0115340555183215,175.50415257045202,0.003902794,1,0.0135850713710889,0.9877650359791659,0.9486397115759883
2024-03-20,177.83030700683594,177.83030700683594,174.2671300256647,174.89417408943874,53423100,0.0147091768320104,0.0120480909805447,175.36718096051897,0.0034810859,1,0.0147091768320104,1.0022942465618605,0.9625934208434268
2024-03-21,170.5646209716797,176.65586961417029,170.03711298613993,176.2179350177799,106181300,-0.0408574115259046,0.0148252824877444,174.84820193336122,-0.002127109,-1,-0.0408574115259046,0.961343098060036,0.9232643453158986
2024-03-22,171.47035217285156,172.23673773536032,169.26078406375387,170.95279171103329,71106600,0.0053101938491819,0.0145982612759772,174.2751937139602,-0.008396002,-1,-0.0053101938491819,0.9562381798537642,0.9281670579635641
2024-03-25,170.0470733642578,171.13194711675715,168.65364374159117,169.76839047714014,54288300,-0.0083004367259886,0.0145620711228451,173.7220916748047,-0.013660586,-1,0.0083004367259886,0.964175374360615,0.9204628660277906
2024-03-26,168.9124298095703,170.61438491064948,168.78303590364706,169.20106023000122,57388400,-0.006672526214297,0.0145512630155572,173.17941574823288,-0.015628133,-1,0.006672526214297,0.9706088598212158,0.9143210534249332
2024-03-27,172.49551391601562,172.78415954350993,169.31055559917013,169.60914876354798,60273300,0.0212126728061685,0.0153124056486138,172.7376926967076,-0.014191118,-1,-0.0212126728061685,0.9500196516550601,0.9337162467710277
2024-03-28,170.67408752441406,171.42056273337485,169.70864503919194,170.94282285202152,65672700,-0.0105592681818286,0.0153908237612348,172.2665826706659,-0.01613691,-1,0.0105592681818286,0.9600511639348932,0.923856886515642
2024-04-01,169.23092651367188,170.4451942217802,168.68350825393796,170.38547862745995,46240500,-0.008455653882056,0.0154432672174508,171.75850568498885,-0.01609077,-1,0.008455653882056,0.9681690242861916,0.9160450724467118
2024-04-02,168.0465087890625,168.54415896803064,167.43937496323824,168.28538634231538,49329500,-0.0069988255043541,0.0154548604835174,171.24568902878534,-0.012265594,-1,0.0069988255043541,0.9749450703458913,0.909633832830534
2024-04-03,168.85269165039062,169.8778497555363,167.78772821512752,167.99673277562965,47691700,0.0047973794108395,0.0146352598996824,170.98738461449034,-0.015035753,-1,-0.0047973794108395,0.9702678889387145,0.9139976914515583
2024-04-04,168.02662658691406,171.1120488206033,168.02662658691406,169.4897042530356,53704400,-0.0048922232473909,0.0133012446633222,170.92577253069197,-0.0023628885,-1,0.0048922232473909,0.9750146560611774,0.9095262106973774
2024-04-05,168.78302001953125,169.58921080070664,168.15597599547186,168.7929675547899,42055200,0.0045016283905809,0.0132756503100698,170.94757443382628,-0.0023628885,-1,-0.0045016283905809,0.97062550240422,0.9136205597094302
2024-04-08,167.65834045410156,168.40481571452685,167.4493358859462,168.23561647794648,37425500,-0.0066634639272336,0.0133596755370032,170.92150660923548,0.0066722417,1,0.0066634639272336,0.9770932304263434,0.9075326820666275
2024-04-09,168.8726043701172,169.2806811483862,167.55881583801002,167.90716183961618,42451200,0.0072424903689658,0.0132597910773574,170.8712674095517,-0.0023628885,-1,0.0072424903689658,0.9841698187372879,0.9141054787760168
2024-04-10,166.99148559570312,168.29532657810816,166.3246362072623,168.0066961691415,49709300,-0.0111392773353055,0.0131637291955793,170.6357123965309,0.008662768,1,0.0111392773353055,0.9951327592932399,0.9039230043342085
2024-04-11,174.21737670898438,174.63541624491384,167.36972023014152,167.5488670137579,91070300,0.0432710152107729,0.016367660651728,170.72149876185827,0.00060994114,1,0.0432710152107729,1.038193164057356,0.9430366704041215
2024-04-12,175.72027587890625,177.52176704196785,173.39127675717174,173.4410296238906,101593300,0.0086265744457416,0.0161850843416856,170.97838047572546,-0.013896801,-1,0.0086265744457416,1.047149214676157,0.951171846446427
2024-04-15,171.87841796875,175.7999037342719,171.68930847441092,174.53586805138283,73531800,-0.021863486674718,0.0168109536702804,170.96368844168526,0.0065720542,1,0.021863486674718,1.0700435475776706,0.9303759134562787
2024-04-16,168.583984375,172.94338974194338,167.47920033817573,170.94284143183614,73711200,-0.0191672324698088,0.0173243625191398,170.8101290748233,0.012490157,1,-0.0191672324698088,1.0495337741484305,0.9125431820387515
2024-04-17,167.21046447753906,169.84800441976404,167.21046447753906,168.81289870293196,50901200,-0.0081473925447488,0.0173152515021934,170.53902834937685,0.012490157,1,-0.0081473925447488,1.0409828105014716,0.9051083345206477
2024-04-18,166.25494384765625,167.84743029154777,165.76725645436014,167.24029654336022,43122900,-0.0057144786534049,0.0169863682056858,170.1105739048549,-0.0084887035,-1,-0.0057144786534049,1.0350341364522995,0.8999361122640105
2024-04-19,164.2245635986328,165.6179780634261,163.3088890664717,165.42888374733738,67772100,-0.0122124503610787,0.0166454510856869,169.46268136160714,0.0030959556,1,0.0122124503610787,1.0476744394657451,0.8889456871648441
2024-04-22,165.06060791015625,166.47393259764522,163.9956444231876,164.74211969252124,48116400,0.005090860302523,0.0143753910879352,169.2005855015346,-0.022954226,-1,0.005090860302523,1.0530080036795895,0.8934711854747307
2024-04-23,166.11561584472656,166.26492000363532,164.14492548116624,164.57291251221173,49537800,0.0063916397008823,0.0144027810154867,168.94559805733817,-0.022954226,-1,-0.0063916397008823,1.0462775559179243,0.8991819313754054
2024-04-24,168.22567749023438,168.50436038665487,165.4288858023208,165.7573215689687,48251800,0.0127023677742623,0.0146279905278518,168.8588649204799,-0.018387772,-1,-0.0127023677742623,1.0329873536086986,0.9106036709637073
2024-04-25,169.09158325195312,169.80820075027214,167.3597550998357,168.73327450279362,50558300,0.0051472865179515,0.0146024282405691,168.86739603678384,-0.018387772,-1,-0.0051472865179515,1.0276702717302542,0.9152908089624561
2024-04-26,168.50433349609375,170.5347393012917,168.38488714020465,169.08160945714914,44838400,-0.0034729685804901,0.0137933628782876,168.6773398263114,0.0016713378,1,0.0034729685804901,1.031239338295077,0.9121120327409181
2024-04-29,172.68460083007812,175.20270935632288,172.28648678772151,172.55520693212748,68169400,0.02480807019768,0.0147003165727438,168.77307855515252,-0.008495509,-1,0.02480807019768,1.0568223961901104,0.9347397720773035
2024-04-30,169.5294952392578,174.16759809934044,169.2010443307548,172.51539602156524,65934800,-0.0182709145786829,0.0151536717170415,168.78729611351378,-0.027457299,-1,0.0182709145786829,1.0761315079157387,0.9176612215483816
2024-05-01,168.50433349609375,171.89831095590108,168.31522402075603,168.78301634804097,50383100,-0.0060470996018553,0.0151324984276791,168.80909729003906,-0.016247375,-1,0.0060470996018553,1.0826389823288,0.9121120327409182
2024-05-02,172.21682739257812,172.6049939419865,170.08688513916923,171.69926693100732,94214900,0.0220320381052421,0.0158428434327382,168.96929423014322,-0.0072307964,-1,-0.0220320381052421,1.0587862390159113,0.932207719802516
2024-05-03,182.5181884765625,186.12117099096088,181.80157098826203,185.77280978325868,163224100,0.0598162284136254,0.0202948486080725,169.65936860584077,0.016208353,1,-0.0598162284136254,0.9954536395017322,0.9879688696991683
2024-05-06,180.8560333251953,183.3343214775735,179.5720873686165,181.4930249418685,78569700,-0.0091067918503948,0.0204989447168815,170.23427400134858,0.01706618,1,-0.0091067918503948,0.9863882504100719,0.9789716428481482
2024-05-07,181.54278564453125,184.0310366275269,180.46787458450643,182.5878540948052,77305800,0.0037972320121668,0.0203665075448915,170.89543805803572,0.013125752,1,0.0037972320121668,0.9901337954509544,0.9826890253093747
2024-05-08,181.8811798095703,182.20963072654143,180.5972339353124,181.9906634485607,45057100,0.0018639912560427,0.0203573734227747,171.514894031343,0.016208353,1,0.0018639912560427,0.9919793961879874,0.9845207490599606
2024-05-09,183.70260620117188,183.792179594264,181.2541604804327,181.7020426329725,48983000,0.0100143752834054,0.0201064555119113,172.31066167922248,-0.015906181,-1,0.0100143752834054,1.0019134501348197,0.9943801093153465
2024-05-10,182.4368438720703,184.47000383075684,181.51992740382525,184.2806378369833,50759500,-0.0068902796496824,0.018188304656883,172.70206487746466,0.0037546116,1,0.0068902796496824,1.0088169139910266,0.987528552284082
2024-05-13,185.656005859375,186.4732663574828,184.0015628078464,184.8188233059542,72044800,0.0176453501331235,0.0184484779360458,173.1751948765346,0.0028530203,1,0.0176453501331235,1.0266178416586154,1.0049538393555912
2024-05-14,186.8021697998047,187.66926595480425,185.6659889969534,186.8819036535792,52393600,0.0061735893494221,0.0175693091220325,173.88584972563245,0.009487843,1,0.0061735893494221,1.0329557586318057,1.0111580116748977
2024-05-15,189.08450317382807,190.0113806876588,186.74236879854,187.28056849688068,70400000,0.0122179168286393,0.0168080136465097,174.862064906529,0.00648887,1,0.0122179168286393,1.0455763261784332,1.023512256162154
2024-05-16,189.2041015625,190.4598907547877,189.02471179656044,189.83199615864385,52845200,0.0006325129064754,0.0165559676492807,175.9093809581938,-0.0072699944,-1,0.0006325129064754,1.0462376666994462,1.0241596408741123
2024-05-17,189.23399353027344,190.17084727488813,188.54630236847427,188.875198802712,41282900,0.0001579879480759,0.0163965138127396,177.0036214192708,0.0056290193,1,-0.0001579879480759,1.0460723737572846,1.0243214457542762
2024-05-20,190.40008544921875,191.2771426664072,188.37688635675943,188.6958217839837,44361300,0.0061621693713225,0.0158395231648979,178.25007484072728,0.003146008,1,0.0061621693713225,1.0525184488990385,1.030633487993692
2024-05-21,191.7057037353516,192.0844205327212,190.2804858058216,190.4499145429012,42309400,0.006857235820312,0.0158325402016931,179.51888892764137,0.03073587,1,0.006857235820312,1.0597358161083683,1.0377007848651756
2024-05-22,190.2605438232422,192.17412585880132,189.63266445026173,191.625965130265,34648500,-0.0075384293943827,0.0161595387115296,180.6686474028088,0.016600529,1,-0.0075384293943827,1.0517470724819369,1.029878150765974
2024-05-23,186.25401306152344,190.3602074339564,186.0048504863481,190.3402701697929,51005900,-0.0210581273510966,0.0171703227518027,181.52713957287017,0.02976909,1,-0.0210581273510966,1.0295992486884693,1.0081908455110322
2024-05-24,189.3436279296875,189.9416242186365,187.4101238307869,188.1875250894915,36294600,0.0165881787854069,0.0173558271111403,182.49152265276228,0.034138966,1,0.0165881787854069,1.0466784251030343,1.0249148955061798
2024-05-28,189.3535919189453,192.3535037829733,188.4665737792376,190.8684893929941,52280100,5.262384251714103e-05,0.0172811549120448,183.48434448242188,0.055366155,1,5.262384251714103e-05,1.046733505343643,1.0249688304662343
2024-05-29,189.652587890625,191.6060292626522,188.8752018363686,188.97487295416656,53068000,0.0015790351196911,0.0167322973292857,184.29234386625745,0.027469391,1,0.0015790351196911,1.048386334309538,1.0265872922461292
2024-05-30,190.6492462158203,191.53626445370173,189.99146851693155,190.1210227262773,49947900,0.0052551791477271,0.0158905842308321,185.2980462937128,0.03577098,1,0.0052551791477271,1.0538957923123637,1.0319821923776626
2024-05-31,191.60601806640625,191.92495345858123,189.2738600399137,190.79873376551856,75158300,0.0050184927010035,0.0156625676493852,186.39812651134676,0.010320086,1,0.0050184927010035,1.0591847606537017,1.0371611874776756
2024-06-03,193.38006591796875,194.33685694398167,191.8751293663799,192.25384615761888,50080500,0.0092588315829811,0.0152619732023634,187.40589977446055,0.0196179,1,0.0092588315829811,1.0689915739678546,1.0467640882369362
2024-06-04,193.6989898681641,194.66574186569684,192.38340418619828,193.9880117607724,47471400,0.0016492079919478,0.0088843183784697,187.93831888834637,0.00021193507,1,0.0016492079919478,1.0707545634149673,1.0484904199369407
2024-06-05,195.21389770507807,196.24044634116564,194.2172473626493,194.7454708275224,54156800,0.007820938240024,0.0085027883018767,188.6220267159598,0.011028469,1,0.007820938240024,1.0791288687256597,1.0566905987565245
2024-06-06,193.8285675048828,195.8418055915052,193.5196083109696,195.0345211925245,41181800,-0.0070964732351594,0.0088215443978319,189.20706394740512,0.0008374707,1,-0.0070964732351594,1.0714708595914602,1.0491918222046042
2024-06-07,196.23046875,196.28030430445065,193.4896805396524,193.99796669662612,53103900,0.0123918846227695,0.0090406269631794,189.8903634207589,-0.0033657122,-1,0.0123918846227695,1.0847484028601773,1.062193286212517
2024-06-10,192.4730987548828,196.6391048667748,191.50634675889475,196.2404356269631,97262100,-0.019147739997014,0.0101834828260786,190.30800592331656,-0.001132202,-1,0.019147739997014,1.10551888324032,1.0418546853415458
2024-06-11,206.45611572265625,206.46609195915696,192.9814138224934,193.00133588013964,172373300,0.0726492016714555,0.0182231573974727,191.45178077334447,0.0035017421,1,-0.0726492016714555,1.0252038189401917,1.1175445964892745
2024-06-12,212.35630798339844,219.46241499269527,206.20696163392407,206.6753885384406,198134300,0.0285784329521545,0.0187200785530467,192.7232237316313,0.009127129,1,0.0285784329521545,1.054502537542067,1.1494822698110858
2024-06-13,213.5223693847656,216.02395620562416,210.89121315624297,214.02069454325613,97862700,0.0054910608139708,0.0187214138471354,193.99561418805803,0.009127129,1,0.0054910608139708,1.0602928751041971,1.1557941468591997
2024-06-14,211.7782287597656,214.44924427717245,210.59221246372425,213.13367378271624,70122700,-0.0081684210887388,0.0189400168236935,195.0762677873884,-3.5570934e-05,-1,-0.0081684210887388,1.0516319564229564,1.1463531335757542
2024-06-17,215.94422912597656,218.2165907033257,212.0074632920053,212.6552799352836,93728300,0.019671523322337,0.0191460189219204,196.34960719517295,-0.00043318153,-1,-0.019671523322337,1.0309447538656673,1.1689036459785238
2024-06-18,213.5721893310547,217.8976632564161,212.28651711595563,216.8611384124148,79943300,-0.0109845018990439,0.0194815658065756,197.5085688999721,-0.0065240636,-1,0.0109845018990439,1.0422691684723142,1.1560638216594734
2024-06-20,208.9776306152344,213.5223688231627,208.1504242370716,213.21339445126264,86172500,-0.0215129073228647,0.0203820192156372,198.3932139078776,0.0062827845,1,0.0215129073228647,1.0646914084991383,1.1311935278047964
2024-06-21,206.79498291015625,211.1802382889184,206.4162509174504,209.6852627905662,246421400,-0.0104444083256777,0.0206358463409836,199.1117510114397,0.008940457,1,-0.0104444083256777,1.0535713366879325,1.1193788807050393
2024-06-24,207.4428100585937,211.9875333707341,205.89799892378585,207.02421872275744,80727000,0.0031327024443281,0.0204731142569029,199.92995416550409,0.0062827845,1,0.0031327024443281,1.056871862189649,1.1228855616607534
2024-06-25,208.36968994140625,210.67194975002212,207.91122410230184,208.44940858434205,56713900,0.0044681224793992,0.019631481365034,200.9830816359747,-0.0078520365,-1,0.0044681224793992,1.061594095114943,1.1279027518806026
2024-06-26,212.5356903076172,214.1402980033581,209.9344322470105,210.7915521691021,66213200,0.0199933126904514,0.0197410915850689,202.08746555873327,0.004079391,1,-0.0199933126904514,1.0403693124209732,1.1504532642833722
2024-06-27,213.3828582763672,215.01736433595823,211.6387200636709,213.97087836680484,49772700,0.003986003327365,0.0197034750434784,203.2317163376581,0.004079391,1,0.003986003327365,1.0445162279619717,1.1550389748227838
2024-06-28,209.9144744873047,215.3462306116548,209.5955543096767,215.0472324898511,82542700,-0.0162542756108851,0.0202743782019184,204.19656808035717,0.009365381,1,-0.0162542756108851,1.0275383733126358,1.1362646529847
2024-07-01,216.02395629882807,216.78140506529675,211.2101334408119,211.3795621698505,60402900,0.0291046238066488,0.0209441793100385,205.40488760811945,-0.024657164,-1,0.0291046238066488,1.0574444911147958,1.169335208254612
2024-07-02,219.5321655273437,219.64179766849512,214.3794853085834,215.4259559559557,58046200,0.0162399082426891,0.0210561342203209,206.73470415387837,-0.018988369,-1,-0.0162399082426891,1.0402716896073545,1.1883251047416128
2024-07-03,220.80789184570312,220.80789184570312,218.29632866276663,219.2630807353504,37369800,0.0058111134434215,0.0210486744711603,208.04079110281808,-0.018988369,-1,-0.0058111134434215,1.0342265528070664,1.1952305967329322
2024-07-05,225.5818328857422,225.6914650307592,220.90754038733803,220.90754038733803,60412400,0.0216203370275145,0.0212665973141521,209.5590217227028,0.002718599,1,-0.0216203370275145,1.011866226172573,1.2210718850598956
2024-07-08,227.056884765625,227.0867830588168,222.50218547217585,226.32931907748747,59085900,0.0065388770940164,0.0212674486599732,211.0753544398717,0.002718599,1,0.0065388770940164,1.0184826950611017,1.2290563240392613
2024-07-09,227.9139862060547,228.631575647805,225.6117264169712,227.1664984715379,48076100,0.0037748313217387,0.0210270797785981,212.69846961611796,-0.024657164,-1,0.0037748313217387,1.0223272954390672,1.2336958043474258
2024-07-10,232.19960021972656,232.29927134034503,228.48209857735924,228.5319341376685,62627700,0.0188036464326384,0.0211410520451768,214.41128540039065,0.002718599,1,-0.0188036464326384,1.0031038144371955,1.2568937840578043
2024-07-11,226.80772399902344,231.61157070495585,225.0137503547776,230.61492037011672,64710600,-0.0232208678033936,0.0214218467092091,216.0462675548735,-0.009737133,-1,-0.0232208678033936,0.9798108733690696,1.227707619655291
2024-07-12,229.76776123046875,231.86073301422448,227.9139910015552,228.1531925563972,53046500,0.0130508660783441,0.0155916917429082,217.1563459123884,-0.0050141546,-1,-0.0130508660783441,0.9670234928786245,1.2437302673827748
2024-07-15,233.6148376464844,236.4353599823044,232.3092281117703,235.6878722143984,62631300,0.0167433255014259,0.0149040016199925,218.16865684872585,0.0004945171,1,-0.0167433255014259,0.950832303769832,1.2645544480855402
2024-07-16,234.033432006836,235.47857190808813,231.5517672716992,234.2128217621178,43234300,0.00179181410123,0.0149155357680524,219.14537411644343,0.0004945171,1,0.00179181410123,0.9525360184996319,1.266820294577393
2024-07-17,228.1133270263672,230.68468664215072,225.88082486496336,228.68140979310064,57345900,-0.0252959798508439,0.0160658463975278,219.92323593866257,0.0125908535,1,-0.0252959798508439,0.9284406865684621,1.234774833931123
2024-07-18,223.4290771484375,229.66811832325195,221.5254864612201,229.50865061099643,66034600,-0.0205347488416941,0.0164542887480502,220.27965727306548,0.006358631,1,-0.0205347488416941,0.9093753902553687,1.2094190428403029
2024-07-19,223.55862426757807,226.0402889661169,222.5320756847993,224.06692564873424,49151500,0.0005798131594774,0.0161982064568421,220.7552017938523,0.0022119926,1,0.0005798131594774,0.9099026580735438,1.2101202799166644
2024-07-22,223.20980834960932,227.01700459563804,222.34271224556247,226.24957960487183,48201800,-0.0015602883543925,0.0152911461574662,221.43292454310827,-0.003628353,-1,-0.0015602883543925,0.9084829475525208,1.2082321433364962
2024-07-23,224.2562866210937,226.1798296775016,221.93408951337017,223.61843101438217,39960300,0.0046883166972899,0.0149664570886232,222.26441519601005,0.0004945171,1,-0.0046883166972899,0.9042236917803071,1.2138967182683031
2024-07-24,217.80796813964844,224.04700927387208,216.40270265661363,223.24968592545983,61777600,-0.0287542372996679,0.0165860350548855,222.75799415225077,-0.0079065,-1,-0.0287542372996679,0.8782234291748745,1.1789920439739283
2024-07-25,216.7614898681641,220.11023564894725,213.9010930254534,218.19665359620475,51391200,-0.0048045913123498,0.0166530822589201,223.15760367257252,0.0025884015,1,0.0048045913123498,0.8824429338329901,1.1733274690421216
2024-07-26,217.2299041748047,218.75477790382115,215.2864239407029,217.96741565742545,41601300,0.0021609664471557,0.0161371305255011,223.38113766624812,0.0039086663,1,0.0021609664471557,0.8843498634045329,1.175862990334248
2024-07-29,217.50897216796875,218.5654190781,215.0273073866339,216.23326096996,36311800,0.0012846665574159,0.016124282234181,223.57761928013392,0.0039086663,1,0.0012846665574159,0.8854859580991041,1.1773735821940334
2024-07-30,218.0670928955078,219.59196666736065,215.3960621319004,218.455785911712,41643800,0.0025659664609516,0.0156306561940046,223.9658392043341,-0.0032473227,-1,0.0025659664609516,0.8877580853692301,1.1803946833179537
2024-07-31,221.3361053466797,223.07028238181744,219.8909654212368,220.6982497488722,50036300,0.0149908562899874,0.0146783290152618,224.2187986828032,0.0025355318,1,-0.0149908562899874,0.8744498314911856,1.1980898103810385
2024-08-01,217.62857055664065,223.72806581879624,216.29306274041448,223.61843367222977,62501000,-0.0167507004075629,0.0147602045142396,224.12815130324591,0.0022274137,1,-0.0167507004075629,0.8598021843424329,1.1780209669059918
2024-08-02,219.12355041503903,224.84432899946663,216.98075820790515,218.41592196270943,105568600,0.0068694099059447,0.0147839370879515,224.0479445684524,0.0022274137,1,0.0068694099059447,0.8657085179847078,1.1861132758054664
2024-08-05,208.5690155029297,212.7848420736874,195.34346157584417,198.42310739676373,119548600,-0.0481670495577409,0.0172564904466242,223.23781040736608,0.03320978,1,-0.0481670495577409,0.82400989289638,1.12898169886865
2024-08-06,206.53585815429688,209.28662299148328,200.3965032475245,204.612330181792,69660500,-0.0097481274662498,0.0171444606851283,222.2606186639695,0.015463485,1,-0.0097481274662498,0.8159773394269754,1.1179762413610153
2024-08-07,209.1171875,212.9243839975228,205.69866882998733,206.2069550428707,63516400,0.0124982139603802,0.0174542655040092,221.36553301130024,0.011848272,1,0.0124982139603802,0.8261755988019555,1.1319489476281668
2024-08-08,212.5954742431641,213.4824924067945,208.13048513245965,212.39614722358988,47161100,0.0166331939748571,0.0173187355327905,220.43200320289247,0.011982599,1,0.0166331939748571,0.8399175377941221,1.1507768740437014
2024-08-09,215.51568603515625,216.05387055494424,211.259984607228,211.3895540245213,42201600,0.0137360016829524,0.0171497869556363,219.894287109375,0.015463485,1,0.0137360016829524,0.8514546465068035,1.1665839471222685
2024-08-12,217.0522918701172,219.02793942662467,215.12653755613,215.59550663031672,38028100,0.007129902529277,0.0169323137724963,219.2887885684059,0.010826992,1,0.007129902529277,0.857525435144497,1.1749015769574696
2024-08-13,220.78407287597656,221.40270642093424,218.5290263212716,218.5290263212716,44155300,0.0171930043848256,0.0169582222249142,218.67779976981024,0.0016995141,1,0.0171930043848256,0.8722688737110358,1.1951016649218378
2024-08-14,221.23309326171875,222.54021400164925,219.21752501736543,220.08562480803565,41960600,0.0020337535216792,0.0169613993824988,218.06825982956656,0.0016995141,1,0.0020337535216792,0.8740428536047968,1.1975322071416372
2024-08-15,224.2265014648437,224.8551228159093,222.27079905335071,224.1067698647473,46414000,0.0135305625347097,0.0164652624312721,217.88317289806548,0.006358631,1,0.0135305625347097,0.8858691450935127,1.2137354915576961
2024-08-16,225.5535888671875,226.33187474025672,223.15885022096825,223.42826155403992,44340200,0.0059185127256327,0.0158720975818117,217.98434012276783,0.013958431,1,0.0059185127256327,0.891112172901994,1.2209190005100323
2024-08-19,225.39393615722656,225.4937226434457,222.5501887780633,225.2243113108782,40687800,-0.000707826068132,0.0158745559837748,218.07173592703683,0.013958431,1,-0.000707826068132,0.8904814204763841,1.2200548022143936
2024-08-20,226.0125732421875,226.6711275207631,224.95490346311303,225.27420804373648,30299000,0.0027446926723415,0.0158742610630996,218.20520092192152,0.013958431,1,0.0027446926723415,0.892925518306022,1.2234034776898866
2024-08-21,225.90280151367188,227.47933353511343,224.5557753561492,226.0225483373233,34765500,-0.0004856885921916,0.0158496655158849,218.28360639299663,0.013958431,1,-0.0004856885921916,0.892491834568104,1.222809284577125
2024-08-22,224.03692626953125,227.8385569948794,223.4083048904395,227.2897617611708,43695300,-0.0082596374707982,0.0145368225662698,218.5802234468006,-0.01663556,-1,-0.0082596374707982,0.8851201755689239,1.2127093231905919
2024-08-23,226.3418426513672,227.7188169640382,223.8373602369176,225.16444130741013,38677300,0.0102881092872295,0.014585352186402,219.03643072219123,-0.013340445,-1,-0.0102881092872295,0.876013962470339,1.225185809241219
2024-08-26,226.6810913085937,226.7808777924977,223.39832305195915,226.2620154817008,30602200,0.0014988331510099,0.0145860763415655,219.4864872523717,-0.013340445,-1,-0.0014988331510099,0.8747009637026409,1.2270221583482566
2024-08-27,227.5292205810547,228.3474270817302,224.39611696496783,225.5036798955901,35934600,0.003741508687667,0.0145887830288982,219.9636419387091,-0.013340445,-1,-0.003741508687667,0.8714282624478368,1.2316130724136767
2024-08-28,225.9926147460937,229.3552090758368,225.18438078371824,227.4194670399241,38052200,-0.0067534439358463,0.014719852735854,220.34104774111796,0.0025355318,1,0.0067534439358463,0.8773134043623902,1.2232954425784754
2024-08-29,229.28536987304688,232.4085012026452,228.37737982242845,229.59470189609323,51906300,0.014570189077429,0.0147012878275979,220.7195841471354,0.0025355318,1,0.014570189077429,0.8900960265441132,1.241119088474401
2024-08-30,228.49710083007807,229.89402024722435,226.98043458769092,229.6844899472923,52990800,-0.0034379386849028,0.0141382259184258,221.2371332077753,-0.018248605,-1,-0.0034379386849028,0.8870359309811789,1.2368521971475634
2024-09-03,222.28077697753903,228.49709095305272,220.684284662428,228.0480822473274,50190600,-0.0272052635677062,0.0154925433586517,221.3874773297991,0.0019621789,1,0.0272052635677062,0.9111679772775476,1.2032033071298673
2024-09-04,220.3650054931641,221.29295584608852,217.0023958735564,221.17322424578344,43840200,-0.0086187006830937,0.0109932275181651,221.94919113885788,-0.019739505,-1,-0.0086187006830937,0.9033148932093725,1.1928332579648067
2024-09-05,221.89163208007807,224.98481497811864,221.03352013282225,221.14327916881817,36615400,0.0069277178719799,0.0106473756521131,222.680418468657,-0.022433644,-1,-0.0069277178719799,0.8970569824796604,1.2010968702443017
2024-09-06,220.3350830078125,224.74537478911404,219.2873857797809,223.4581991238727,48423000,-0.007014906590546,0.0106719766052625,223.214603969029,-0.026273048,-1,0.007014906590546,0.9033497534181523,1.1926712878933408
2024-09-09,220.42486572265625,220.7840757397734,216.23409233980905,220.33506702469683,67180000,0.0004074826106588,0.0101769439965155,223.5874321347191,-0.0134256,-1,-0.0004074826106588,0.9029816541022915,1.1931572807033894
2024-09-10,219.6266326904297,220.9936192587632,216.2540503959821,218.4392435287618,51591000,-0.0036213384075775,0.0098565945264902,223.783191499256,-0.018622411,-1,0.0036213384075775,0.9062516562476298,1.1888364544164975
2024-09-11,222.1710205078125,222.6000688776049,217.4114916314568,220.9736588702828,44587100,0.0115850604556198,0.0100425274905109,224.0269404820033,-0.016429504,-1,-0.0115850604556198,0.8957526760219955,1.2026091966127574
2024-09-12,222.28077697753903,223.059062794204,219.33725854525207,222.01136566399225,37498200,0.0004940179393138,0.0093464280411712,224.09821210588728,-0.016821463,-1,-0.0004940179393138,0.8953101581308522,1.203203307129868
2024-09-13,222.01138305664065,223.5479944694599,221.42268236911949,223.08901316997165,36766600,-0.0012119532987128,0.0093442647640152,224.13527352469308,-0.016821463,-1,0.0012119532987128,0.8963952322303699,1.2017450809127699
2024-09-16,215.844955444336,216.7429728995392,213.4502168549942,216.0644583037111,59357400,-0.0277752767781798,0.0106553249329541,223.73615228562127,-0.026273048,-1,0.0277752767781798,0.9212928579082091,1.1683662786736015
2024-09-17,216.3139038085937,216.42366284814068,214.0289395447448,215.27619443719672,45519300,0.002172616743775,0.0105512380271649,223.2961672828311,-0.020743022,-1,-0.002172616743775,0.9192912416191974,1.17090469081351
2024-09-18,220.20535278320312,222.22092099435915,217.0622612537557,217.0722490372817,59894900,0.0179898236132467,0.0114137308222972,223.04909188406808,-0.019589784,-1,-0.0179898236132467,0.9027533543332654,1.191969059669168
2024-09-19,228.3673858642578,229.3153117998868,224.1367068474718,224.49591687958383,66781300,0.037065552575783,0.0141200006979944,223.1612258184524,-0.018248605,-1,-0.037065552575783,0.8692923024152612,1.2361500515190422
2024-09-20,227.6988525390625,232.5781131211396,227.12012443578536,229.46496974860835,318679900,-0.0029274465907872,0.0141393282662003,223.2467520577567,-0.018248605,-1,0.0029274465907872,0.8718371092023643,1.2325312882650212
2024-09-23,225.97265625,228.94610768522745,225.31410200503296,226.8407407931877,54146000,-0.007581049574092,0.0141191360729797,223.33892967587423,-0.018248605,-1,0.007581049574092,0.8784465495477606,1.2231874074670646
2024-09-24,226.8706817626953,228.8463445678705,225.2342838755063,228.147869614878,43556100,0.0039740450353507,0.013966781676841,223.3641124906994,-0.012989797,-1,-0.0039740450353507,0.8749555633987094,1.2280484093110124
2024-09-25,225.8728790283203,226.79085685048213,223.528048842174,224.43603888049125,42308700,-0.00439811229297,0.0139986860796047,223.3256261916388,-0.0118751805,-1,0.00439811229297,0.8788037162178957,1.2226473145056593
2024-09-26,227.02035522460932,227.99819881641105,224.9149883158055,226.80083714120576,36636700,0.005080185816134,0.0140199759504784,223.3013945079985,-0.009008445,-1,-0.005080185816134,0.8743392300435997,1.2288585900509452
2024-09-27,227.2897491455078,229.01596089620384,226.800834966934,227.9582911728241,34026000,0.0011866509530915,0.0139359288937401,223.36316281273253,-0.015935473,-1,-0.0011866509530915,0.8733016945629433,1.230316816268044
2024-09-30,232.4883270263672,232.4883270263672,229.1456776077644,229.5348205504281,54541900,0.0228720296467541,0.0144666897027291,223.51568458193825,-0.0135280555,-1,-0.0228720296467541,0.8533275123143391,1.2584566589646269
2024-10-01,225.71324157714844,229.14567442683443,223.24866456606327,229.01597026460064,63285000,-0.0291416155635648,0.0158599070991247,223.38311985560827,0.013958431,1,0.0291416155635648,0.8781948546280167,1.2217831988056715
2024-10-02,226.281982421875,226.8706831083472,222.5302449869956,225.39393750024195,32880600,0.0025197495758446,0.014632934798778,223.57365344819567,-0.011427172,-1,0.0025197495758446,0.8804076857404747,1.2248617865026363
2024-10-03,225.1744079589844,226.3119038145279,222.82957789090327,224.6455731013804,34044200,-0.0048946648382532,0.0145333806131364,223.80267261323476,-0.01663556,-1,0.0048946648382532,0.8847169862831965,1.218866498584522
2024-10-04,226.30194091796875,227.49930262356304,223.63780617480532,227.39951613756347,37245100,0.0050073761454709,0.0145010758726718,224.01268731980096,-0.0135280555,-1,-0.0050073761454709,0.8802868755505892,1.2249698216140477
2024-10-07,221.20315551757807,225.1943712346882,220.84394549402705,224.0069821228032,39505400,-0.0225308955800733,0.0153048832583247,224.0540241059803,-0.003628353,-1,0.0225308955800733,0.9001205272241285,1.1973701544745206
2024-10-08,225.27420043945312,225.4837307412941,222.7597302404025,223.8074274254469,31855700,0.0184040996718581,0.0158068983572384,224.28494480678012,0.0008986494,1,-0.0184040996718581,0.8835546193244102,1.2194066741415779
2024-10-09,229.03591918945312,229.24546472466872,224.3362709632568,224.7353864657012,33591100,0.0166984001836953,0.0161187100417287,224.7330060686384,0.0125908535,1,0.0166984001836953,0.8983085679420418,1.239768814773063
2024-10-10,228.5370178222656,228.99601435408127,226.67112924406288,227.27979028338345,28183500,-0.0021782669240402,0.0159940824564414,225.03614879789808,0.0069956826,1,-0.0021782669240402,0.8963518121009117,1.2370682673703863
2024-10-11,227.05029296875,228.9062089337624,226.8407474391105,228.79644988971887,31759200,-0.0065054006028547,0.0160880470857532,225.2632686070033,0.0125908535,1,-0.0065054006028547,0.8905206844821006,1.2290206427180628
2024-10-14,230.79205322265625,231.22110160659443,228.09798564307096,228.19775690140835,39882100,0.0164798741502669,0.0164188501062334,225.681395757766,0.0029220441,1,0.0164798741502669,0.9051963532905752,1.2492747482381368
2024-10-15,233.33645629882807,236.9684620133565,231.85969551276995,233.0969778733182,64751400,0.0110246563546843,0.0150275497348251,226.51432436988463,0.003340629,1,0.0110246563546843,0.9151758320191172,1.263047573030047
2024-10-16,231.27099609375,231.61024577942743,229.33525401328012,231.09139869260773,34082200,-0.0088518538330456,0.0152786156825639,227.226566859654,-0.003628353,-1,-0.0088518538330456,0.907074829322548,1.251867260529402
2024-10-17,231.6401824951172,233.3364614020046,230.0137723986246,232.9173703418766,32993800,0.0015963367979681,0.0149047397365385,227.77108256022132,0.0004945171,1,-0.0015963367979681,0.9056268323939898,1.2538656623035564
2024-10-18,234.48391723632807,235.66131853389132,233.4960858911256,235.66131853389132,46431500,0.0122765174443377,0.0128753834786774,228.06234595889137,-0.024059247,-1,0.0122765174443377,0.916744775999935,1.2692587659796821
2024-10-21,235.960678100586,236.32987592195377,233.9351372634737,233.9351372634737,36254500,0.0062979196256327,0.0128799319594283,228.45576622372585,-0.024059247,-1,-0.0062979196256327,0.9109711910834687,1.277252455671952
2024-10-22,235.342041015625,235.70125104779564,232.08920560922664,233.376366009758,38846600,-0.0026217804167236,0.0127445066555309,228.9019274030413,-0.023840804,-1,0.0026217804167236,0.9133595575124508,1.2739037801964592
2024-10-23,230.25323486328125,234.62362105236,227.25982300232985,233.56595129753524,52287000,-0.0216230220932174,0.0137333874489774,229.06300136021204,-0.014663589,-1,0.0216230220932174,0.9331091514035939,1.246358130612638
2024-10-24,230.0636749267578,230.3131259260407,227.90841463888628,229.47495899723685,31109500,-0.0008232672024607,0.0136878766749498,229.26256306966147,-0.009828464,-1,0.0008232672024607,0.9338773495642603,1.2453320448411842
2024-10-25,230.9018096923828,232.7078323586645,229.0658541264054,229.2354789664412,38802300,0.0036430556274988,0.0136698561336767,229.44739423479356,-0.021207215,-1,-0.0036430556274988,0.9304751824305365,1.2498688587552476
2024-10-28,232.887435913086,234.21451699403664,232.03931169048727,232.80762499530724,36087100,0.0085994398369959,0.0137730300829542,229.7139507475353,-0.012802598,-1,-0.0085994398369959,0.9224736170794073,1.260617030810248
2024-10-29,233.15684509277344,233.815399347975,231.8098189074392,232.58810476348472,35417200,0.001156821443077,0.0128529494310254,229.74578494117367,-0.024059247,-1,-0.001156821443077,0.921406479818497,1.2620753396229973
2024-10-30,229.5946807861328,232.95727501758805,229.0458856025164,232.09916306464564,47070900,-0.0152779743833951,0.0115607325734355,229.9306153796968,-0.023681687,-1,0.0152779743833951,0.9354837044138582,1.2427933849143225
2024-10-31,225.4138946533203,229.325284321648,224.8750719925984,228.83635490362704,64370100,-0.0182094206995453,0.0122762015766383,229.8892778669085,0.009478554,1,0.0182094206995453,0.9525183207450992,1.2201628373258055
2024-11-01,222.42047119140625,224.8551151455125,219.78626950218683,220.48472918772245,65276700,-0.0132796758891808,0.0125723590087931,229.75813802083331,-0.022779843,-1,-0.0132796758891808,0.9398691861670976,1.2039594703140957
2024-11-04,221.5224456787109,222.3007315284092,219.2275088130919,220.5046966292777,44944500,-0.0040375128596977,0.0125287356332493,229.5305430094401,-0.022779843,-1,0.0040375128596977,0.9436639200926809,1.1990984684701478
2024-11-05,222.95928955078125,223.4581915257104,220.65436486265332,221.31291912362707,28111300,0.0064862225029524,0.0115938175040571,229.61416843959265,-0.025683524,-1,-0.0064862225029524,0.9375431059389514,1.2068760879395948
2024-11-06,222.2308959960937,225.5735453041769,220.7042571772517,222.1211369530596,54561100,-0.00326693521564,0.01085594853719,229.46924918038505,-0.022103036,-1,0.00326693521564,0.9406059985279239,1.202933301946991
2024-11-07,226.98043823242188,227.37956894750107,224.0768403097807,224.13670611072257,42137700,0.0213721058678162,0.0112682053398918,229.3713691348121,-0.018220939,-1,-0.0213721058678162,0.9205032675474821,1.228642519828124
2024-11-08,226.7107391357422,228.4088689967903,226.16134014604208,226.92049995960824,38328800,-0.0011882041412023,0.0112623251551413,229.2844034830729,-0.018220939,-1,0.0011882041412023,0.9215970133419723,1.2271826416980067
2024-11-11,223.98373413085932,225.4521209161408,221.25673663335024,224.7528927426808,42005600,-0.0120285656307178,0.0114764131304613,229.1383768717448,-0.022329757,-1,0.0120285656307178,0.9326825035020296,1.2124213947514646
2024-11-12,223.98373413085932,225.34224111445195,223.11469448970428,224.30339000560164,40398300,0.0,0.010794387583775,228.81417120070685,-0.022103036,-1,-0.0,0.9326825035020296,1.2124213947514646
2024-11-13,224.8727569580078,226.4010754152989,222.5153482196322,223.76397540644064,48566200,0.0039691401279571,0.0104949856449581,228.41113789876303,-0.021139167,-1,-0.0039691401279571,0.9289805559507363,1.2172336651613664
2024-11-14,227.9693603515625,228.61864039722624,224.7528954725484,224.77287777547028,44923900,0.0137704692886961,0.0108787621240229,228.25391714913505,-0.021883111,-1,-0.0137704692886961,0.9161880577352208,1.2339955439646382
2024-11-15,224.7528839111328,226.6707733581308,224.023689933323,226.15134020310103,47923700,-0.0141092488721703,0.0112516648501154,227.9259505498977,-0.02108806,-1,0.0141092488721703,0.9291147830555174,1.216584793727692
2024-11-18,227.7695770263672,229.4876892234719,224.9227009955052,225.00261496304853,44686000,0.0134222665477661,0.0113237227962304,227.6062200637091,-0.02006637,-1,-0.0134222665477661,0.9166439567838763,1.232914119107064
2024-11-19,228.0292816162109,229.9072217123872,226.4110657200773,226.7307063420897,36211800,0.0011402075432298,0.0112055193626448,227.2285345168341,-0.019273609,-1,-0.0011402075432298,0.9155987924298953,1.2343198970858245
2024-11-20,228.7484893798828,229.67746064503265,225.6419044821168,227.80951934283004,35169600,0.0031540149518269,0.0112491322439824,226.91455586751303,-0.02108806,-1,-0.0031540149518269,0.9127109801486968,1.2382129604965706
2024-11-21,228.2690277099609,229.907225938216,225.4621162861244,228.6286329426038,42108300,-0.0020960211419174,0.0102469376612906,226.820069812593,-0.014143806,-1,0.0020960211419174,0.9146240416595486,1.2356176399531735
2024-11-22,229.61753845214844,230.4666110292765,227.80952873867184,227.80952873867184,38168300,0.005907550208261,0.0103366640802052,226.798825218564,-0.0131564895,-1,-0.005907550208261,0.9092208542117622,1.24291711319941
2024-11-25,232.6142425537109,232.9938300911164,229.4876904823425,231.2058026888721,90152800,0.0130508502171187,0.0107017574620842,226.88036964053197,-0.026273048,-1,-0.0130508502171187,0.8973547490291638,1.259138238276069
2024-11-26,234.8018341064453,235.31128373473047,233.07373841155265,233.07373841155265,45986200,0.009404374937314,0.0107339623783252,226.97153145926336,-0.026273048,-1,-0.009404374937314,0.8889156885175141,1.2709796463667262
2024-11-27,234.67198181152344,235.43115689965904,233.55321672420507,234.21249554010248,33498400,-0.0005530293041194,0.010734776156108,227.04368082682288,-0.026273048,-1,0.0005530293041194,0.8894072849421558,1.2702767573773461
2024-11-29,237.06935119628903,237.5488197625333,233.71304074851764,234.5521145499528,28481400,0.0102158313329925,0.0103106228157725,227.3996175130208,-0.0131564895,-1,-0.0102158313329925,0.8803212501328519,1.2832536904769338
2024-12-02,239.3268585205078,240.52553753151284,236.89953466637493,237.00941446483552,48137100,0.0095225608575171,0.0093839403115452,228.0621396019345,-0.016821463,-1,-0.0095225608575171,0.8719383374542963,1.295473551840134
2024-12-03,242.3834991455078,242.49337894569652,238.6376176509325,239.54662188503684,38861000,0.0127718244575465,0.0088448509511286,229.0127599807012,-0.0018488937,-1,-0.0127718244575465,0.860802094070525,1.3120191126336305
2024-12-04,242.7431030273437,243.84190102311464,240.9850414761411,242.6032573953393,44383900,0.0014836153579085,0.0086699992593344,230.0232674734933,0.0031325442,1,-0.0014836153579085,0.8595249948636421,1.3139656443390033
2024-12-05,242.7730712890625,244.2714238935446,241.86408229295347,243.7220401321925,40033900,0.0001234566969978,0.0087046079343487,230.9667808896019,0.0031325442,1,0.0001234566969978,0.8596311089804951,1.3141278621974222
2024-12-06,242.5732879638672,244.3613305629988,241.8141281502541,242.6432183998472,36870600,-0.0008229220981327,0.0086171074836745,231.93546622140065,0.001840715,1,-0.0008229220981327,0.8589236995446727,1.313046437339848
2024-12-09,246.47900390625,246.96847124510987,241.48449521514056,241.56440918324205,44649200,0.0161011790505334,0.0081568389811648,232.8639693487258,-0.008612819,-1,0.0161011790505334,0.8727533838217881,1.334188033129122
2024-12-10,247.4978790283203,247.93739821602463,245.0705399660552,246.61884065291167,36914800,0.0041337197324029,0.008070990301541,233.85383315313425,-0.008612819,-1,-0.0041337197324029,0.8691456659375626,1.3397031925284038
2024-12-11,246.2192840576172,250.5245479203196,245.98952569372008,247.6876707672576,45205800,-0.0051660845568571,0.0074989873115263,234.91266886393225,-0.0125088645,-1,0.0051660845568571,0.8736357459400219,1.3327821725547107
2024-12-12,247.68768310546875,248.46682524629017,245.4101731068781,246.61885092340057,32777500,0.005963785710253,0.007430917016462,236.04142833891365,-0.0125088645,-1,-0.005963785710253,0.8684255695624186,1.3407305998302723
2024-12-13,247.85748291015625,249.016197294528,245.96955931284188,247.547825822866,33155300,0.0006855399612875,0.0074842478428854,237.13593909853972,-0.0125088645,-1,-0.0006855399612875,0.8678302291310797,1.341649724233777
2024-12-16,250.7642822265625,251.1039203968556,247.3780059899919,247.71764416028492,51694800,0.0117277044948442,0.0073725160601694,238.22141156877785,-0.0125088645,-1,-0.0117277044948442,0.8576525726521375,1.3573841957351802
2024-12-17,253.2015991210937,253.5512208135588,249.50566587259755,249.80533943156328,51356400,0.0097195536497065,0.0060722230322245,239.57611229306173,-0.017072275,-1,-0.0097195536497065,0.8493165724594363,1.370577364248892
2024-12-18,247.777572631836,254.0007260278641,247.46791553993853,251.883059276542,56774100,-0.0214217702735112,0.0082347152317593,240.52887398856024,-0.047126897,-1,0.0214217702735112,0.8675104369641482,1.341217170809878
2024-12-19,249.51565551757807,251.72323503929724,246.8186239048489,247.2281772707384,60882300,0.0070146900999981,0.0082307112481162,241.5520346505301,-0.047126897,-1,-0.0070146900999981,0.8614251200903308,1.3506253936199055
2024-12-20,254.21051025390625,254.71994465608725,245.4201718605057,247.76758181309805,147495300,0.0188158724012306,0.0088081874933517,242.7645118350074,-0.0018488937,-1,-0.0188158724012306,0.8452166549474963,1.3760385886881195
2024-12-23,254.9896545410156,255.3692268422544,253.171646035914,254.49020366493687,40858800,0.0030649570166518,0.0086689910639134,244.03692263648625,0.0031325442,1,-0.0030649570166518,0.8426261022303241,1.3802560878157029
2024-12-24,257.9164428710937,257.92641115938613,255.0096198916901,255.2094124344067,23234700,0.0114780669645062,0.0087724418051415,245.38448951357887,-0.0018488937,-1,0.0114780669645062,0.8522978210577646,1.3960987596198189
2024-12-26,258.7355041503906,259.81433504408284,257.3470466563245,257.90642916266114,27237100,0.0031756846138975,0.0086155786021031,246.6283591134208,0.001840715,1,-0.0031756846138975,0.8495911919809731,1.400532328970225
2024-12-27,255.30929565429688,258.41589596104086,252.78207543596488,257.54682582842287,42355300,-0.0132421273506486,0.0094307425648173,247.6049049014137,-0.016821463,-1,-0.0132421273506486,0.8383407972207717,1.3819863015113008
2024-12-30,251.9230194091797,253.22159473829512,250.474614913718,251.95298524244893,35557500,-0.0132634271558306,0.0101225978604406,248.42638288225447,-0.0134256,-1,0.0132634271558306,0.8494600693164703,1.3636564268708498
2024-12-31,250.1449737548828,253.00183336212825,249.15605553782555,252.16275955239965,39480700,-0.0070578927581402,0.0102449123034855,249.04903157552084,-0.014143806,-1,0.0070578927581402,0.8554554673880282,1.3540318860510467
2025-01-02,243.5821990966797,248.826433311358,241.5544297530332,248.65660659999048,55740700,-0.026235884574015,0.0118797524982697,249.25166684105284,-0.022496521,-1,0.026235884574015,0.8778990982886306,1.3185076617790756
2025-01-03,243.0927276611328,243.911819160746,241.624340886356,243.0927276611328,40244100,-0.0020094712887972,0.0115756243518604,249.28543962751115,-0.023681687,-1,0.0020094712887972,0.8796632113211026,1.3158581584886715
2025-01-06,244.73092651367188,247.0583693989477,242.93290033169583,244.04168187374515,45045600,0.0067389874979011,0.0116611811721845,249.38009788876488,-0.024005193,-1,-0.0067389874979011,0.8737351719376462,1.3247257101677379
2025-01-07,241.94400024414065,245.28032844029428,241.08494412707995,242.71314361950863,40856000,-0.0113877159263544,0.0119445775566789,249.3406183151972,-0.02944479,-1,0.0113877159263544,0.8836850198705365,1.3096401101000097
2025-01-08,242.43344116210932,243.44234164075263,239.78635773622744,241.6542990502637,37628900,0.0020229512510119,0.0119520433874713,249.3339589436849,-0.027581858,-1,-0.0020229512510119,0.8818973681540889,1.3122894481991119
2025-01-10,236.58987426757807,239.8962364632009,232.74409661721964,239.7463920626497,61710900,-0.0241037988262676,0.0124601066799987,248.86304800851005,-0.025512846,-1,0.0241037988262676,0.9031544449014899,1.280658287337887
2025-01-13,234.1425628662109,234.4122706050548,229.4677100170832,233.27352322575203,49630700,-0.0103441088040788,0.0125115227440701,248.2270805722191,-0.031274367,-1,0.0103441088040788,0.9124967727464383,1.2674110186728187
2025-01-14,233.02378845214844,235.8606656353981,232.21468051006943,234.49217517741417,39435300,-0.0047781761691134,0.0125077733297087,247.59872363862536,-0.031274367,-1,0.0047781761691134,0.9168568430803682,1.2613551055469245
2025-01-15,237.60874938964844,238.6975638581554,234.17252500331003,234.38230107288464,39832000,0.0196759350963926,0.0133065658999117,247.1187744140625,-0.01649629,-1,-0.0196759350963926,0.8988168273432354,1.2861734467371693
2025-01-16,228.00930786132807,237.74859991927727,227.7795647267042,237.089336348529,71759100,-0.0404002022357287,0.0157117451238056,246.17362322126115,-0.010522976,-1,0.0404002022357287,0.9351292089407781,1.2342117793787635
2025-01-17,229.7274169921875,232.03487756377,228.22906438809176,231.86506609768284,68488300,0.0075352587443682,0.0155295152169566,245.17186773391,0.0019382358,1,-0.0075352587443682,0.928082768391993,1.2435118844817297
2025-01-21,222.39547729492188,224.17352112887505,219.13906319002533,223.75398423747347,98070400,-0.0319158235149397,0.0163215508038182,243.7049095517113,0.0036595326,1,-0.0319158235149397,0.8984622425487375,1.2038241786378807
2025-01-22,223.58416748046875,223.8738422645661,219.54859611049605,219.54859611049605,64126500,0.0053449386651445,0.0161031773971377,242.55284263974144,0.0125908535,1,0.0053449386651445,0.9032644681281087,1.2102585450363181
2025-01-23,223.41436767578125,226.78066167492807,222.0558606945357,224.493183388126,60234800,-0.0007594446717803,0.0159072236487373,241.30992417108445,0.010072693,1,-0.0007594446717803,0.9025784887405802,1.2093394206328136
2025-01-24,222.5353240966797,225.38220009721184,221.16683361690275,224.53312753788663,54697900,-0.0039345883984382,0.0149404750836041,239.80158197312127,0.0004945171,1,-0.0039345883984382,0.8990272138901017,1.2045811677786178
2025-01-27,229.6075439453125,231.89502211760887,223.73399710835045,223.7739617116392,94863400,0.0317802123206305,0.0170033580014992,238.59291003999252,-0.0035108845,-1,0.0317802123206305,0.927598489629554,1.2428630130480554
2025-01-28,237.99832153320312,239.9262098046868,230.55650666713984,230.5964712720165,75707600,0.0365439978308774,0.0189721078539667,237.6444280715216,0.0031115438,1,-0.0365439978308774,0.8937003324366065,1.2882821963009614
2025-01-29,239.0971221923828,239.5965730646729,233.75299176206667,233.8628715636517,45486100,0.0046168420520831,0.0190006111588953,236.70926702590216,0.0031115438,1,0.0046168420520831,0.8978264057133605,1.2942299917197937
2025-01-30,237.3290557861328,240.52553823889048,236.94948349745044,238.40787147181928,55658300,-0.0073947623879278,0.0188944812336248,235.85306512741812,-3.5570934e-05,-1,-0.0073947623879278,0.8911871927775029,1.284659468455696
