Date,Close,High,Low,Open,Volume,Return,Volatility,Momentum,Strategy_Return,Cumulative_Strategy_Return,Cumulative_Market_Return
2024-02-02,4958.60986328125,4975.2900390625,4907.990234375,4916.06005859375,3974350000,0.0106844460775146,0.0071383127061962,4824.356259300595,0.0106844460775146,1.0106844460775146,1.0106844460775146
2024-02-05,4942.81005859375,4957.18994140625,4918.08984375,4957.18994140625,4023640000,-0.0031863375266721,0.0071284006791354,4836.457682291667,-0.0031863375266721,1.007464064299354,1.007464064299354
2024-02-06,4954.22998046875,4957.77001953125,4934.8798828125,4950.16015625,4440880000,0.0023104108269635,0.0071267538488928,4848.695289248512,0.0023104108269635,1.009791720181288,1.009791720181288
2024-02-07,4995.06005859375,4999.89013671875,4969.0498046875,4973.0498046875,4895590000,0.00824145796339,0.0067564235033648,4859.720052083333,0.00824145796339,1.0181138761949415,1.0181138761949415
2024-02-08,4997.91015625,5000.39990234375,4987.08984375,4995.16015625,4341860000,0.0005705832608251,0.0067140461618184,4871.215773809524,0.0005705832608251,1.0186947949303122,1.0186947949303122
2024-02-09,5026.60986328125,5030.06005859375,5000.33984375,5004.169921875,3912990000,0.0057423415255595,0.0067159344018854,4882.794805617559,0.0057423415255595,1.0245444883531118,1.0245444883531118
2024-02-12,5021.83984375,5048.39013671875,5016.830078125,5026.830078125,3805740000,-0.0009489536011326,0.0067225286147091,4894.299548921131,-0.0009489536011326,1.0235722431713687,1.0235722431713687
2024-02-13,4953.169921875,4971.2998046875,4920.31005859375,4967.93994140625,4302190000,-0.0136742556536254,0.0075789135813531,4902.363351004465,-0.0136742556536254,1.0095756546382886,1.0095756546382886
2024-02-14,5000.6201171875,5002.52001953125,4956.4501953125,4976.43994140625,3845600000,0.0095797632750176,0.0076594542760853,4913.536690848215,0.0095797632750176,1.0192471504179443,1.0192471504179443
2024-02-15,5029.72998046875,5032.72021484375,4999.43994140625,5003.14013671875,4137970000,0.0058212506847294,0.0074712756669202,4927.370977492559,0.0058212506847294,1.0251804435902234,1.0251804435902234
2024-02-16,5005.56982421875,5038.7001953125,4999.52001953125,5031.1298828125,3833270000,-0.0048034698371121,0.0075201937166354,4938.067638578869,-0.0048034698371121,1.0202560202518405,1.0202560202518405
2024-02-20,4975.509765625,4993.7099609375,4955.02001953125,4989.31982421875,4034880000,-0.0060053220011653,0.0073508781140645,4944.529529389881,-0.0060053220011653,1.0141290543266008,1.0141290543266008
2024-02-21,4981.7998046875,4983.2099609375,4946.0,4963.02978515625,3788390000,0.0012641999229821,0.0073482965823019,4950.785226004465,0.0012641999229821,1.0154111161989745,1.0154111161989745
2024-02-22,5087.02978515625,5094.39013671875,5038.830078125,5038.830078125,4051710000,0.021122884217414,0.0085279607004425,4961.377115885417,0.021122884217414,1.0368595276395205,1.0368595276395205
2024-02-23,5088.7998046875,5111.06005859375,5081.4599609375,5100.919921875,3672790000,0.0003479475462115,0.0085322439035206,4971.865211123512,0.0003479475462115,1.0372203003679288,1.0372203003679288
2024-02-26,5069.52978515625,5097.66015625,5068.91015625,5093.0,3683930000,-0.0037867513501905,0.0085951857704137,4980.216145833333,-0.0037867513501905,1.0332926049950655,1.0332926049950655
2024-02-27,5078.18017578125,5080.68994140625,5057.2900390625,5074.60009765625,3925950000,0.0017063496993998,0.0085781335981932,4989.130905877976,0.0017063496993998,1.035055763520991,1.035055763520991
2024-02-28,5069.759765625,5077.3701171875,5058.35009765625,5067.2001953125,3789370000,-0.0016581550604305,0.0085056687113666,4995.884695870535,-0.0016581550604305,1.0333394805688807,1.0333394805688807
2024-02-29,5096.27001953125,5104.990234375,5061.89013671875,5085.35986328125,5219740000,0.0052290946971491,0.0085326632703135,5004.041829427083,0.0052290946971491,1.0387429105670782,1.0387429105670782
2024-03-01,5137.080078125,5140.330078125,5094.16015625,5098.509765625,4748110000,0.0080078289488876,0.007592480258221,5017.919456845239,0.0080078289488876,1.047060986116769,1.047060986116769
2024-03-04,5130.9501953125,5149.669921875,5127.18017578125,5130.990234375,4758440000,-0.0011932620709189,0.0073017487415421,5028.622326078869,-0.0011932620709189,1.0458115679560969,1.0458115679560969
2024-03-05,5078.64990234375,5114.5400390625,5056.81982421875,5110.52001953125,4418410000,-0.0101931008834446,0.0075017057019887,5034.338518415178,-0.0101931008834446,1.035151505138847,1.035151505138847
2024-03-06,5104.759765625,5127.97021484375,5092.22021484375,5108.02978515625,4559050000,0.0051411032032746,0.0074801785544453,5042.050409226191,0.0051411032032746,1.0404733258577907,1.0404733258577907
2024-03-07,5157.35986328125,5165.6201171875,5128.2099609375,5132.3798828125,4137980000,0.0103041279259514,0.0077196764426543,5051.723260788691,0.0103041279259514,1.0511944961109696,1.0511944961109696
2024-03-08,5123.68994140625,5189.259765625,5117.5,5164.4599609375,4208870000,-0.0065285190034379,0.0077897168110506,5057.848493303572,-0.0065285190034379,1.0443317528668,1.0443317528668
2024-03-11,5117.93994140625,5124.66015625,5091.14013671875,5111.9599609375,3896430000,-0.0011222380873464,0.007805735927214,5063.564197358631,-0.0011222380873464,1.0431597639979076,1.0431597639979076
2024-03-12,5175.27001953125,5179.8701171875,5114.47998046875,5134.2998046875,4080510000,0.0112017879813663,0.00805299421779,5070.643252418155,0.0112017879813663,1.0548450185049043,1.0548450185049043
2024-03-13,5165.31005859375,5179.14013671875,5151.8798828125,5173.490234375,4282890000,-0.0019245297153407,0.0080701369860631,5077.475167410715,-0.0019245297153407,1.0528149379217124,1.0528149379217124
2024-03-14,5150.47998046875,5176.85009765625,5123.2998046875,5175.14013671875,4687970000,-0.0028710915621273,0.0073775783527202,5086.870884486607,-0.0028710915621273,1.0497922098369639,1.0497922098369639
2024-03-15,5117.08984375,5136.85986328125,5104.35009765625,5123.31005859375,7753670000,-0.0064829174844615,0.0073728682138867,5092.417061941965,-0.0064829174844615,1.0429864935647604,1.0429864935647604
2024-03-18,5149.419921875,5175.60009765625,5145.47021484375,5154.77001953125,4036220000,0.0063180595049523,0.0073894767001839,5098.116582961309,0.0063180595049523,1.0495761442939642,1.0495761442939642
2024-03-19,5178.509765625,5180.31005859375,5131.58984375,5139.08984375,4031760000,0.0056491496501236,0.007320378291864,5106.351818266369,0.0056491496501236,1.0555053570022805,1.0555053570022805
2024-03-20,5224.6201171875,5226.18994140625,5171.5498046875,5181.68994140625,4064850000,0.0089041739128465,0.0072641848247832,5118.214215959822,0.0089041739128465,1.06490376026697,1.06490376026697
2024-03-21,5241.52978515625,5261.10009765625,5240.66015625,5253.43017578125,4207730000,0.003236535401516,0.0072621387426236,5130.582310267857,0.003236535401516,1.0683503589862815,1.0683503589862815
2024-03-22,5234.18017578125,5246.08984375,5229.8701171875,5242.47998046875,3374700000,-0.0014021878490156,0.0059020587676114,5137.589471726191,-0.0014021878490156,1.0668523310944196,1.0668523310944196
2024-03-25,5218.18994140625,5229.08984375,5216.08984375,5219.52001953125,3331360000,-0.0030549644525015,0.0059779051798621,5143.750906808035,-0.0030549644525015,1.0635931351468577,1.0635931351468577
2024-03-26,5203.580078125,5235.16015625,5203.419921875,5228.85009765625,3871790000,-0.0027997952250302,0.0059403911046244,5150.1342540922615,-0.0027997952250302,1.0606152921656986,1.0606152921656986
2024-03-27,5248.490234375,5249.259765625,5213.919921875,5226.31005859375,3850500000,0.0086306265255329,0.006154688456565,5158.244256882441,0.0086306265255329,1.0697690666396498,1.0697690666396498
2024-03-28,5254.35009765625,5264.85009765625,5245.81982421875,5248.02978515625,3998270000,0.001116485507179,0.0061110982932341,5167.034272693452,0.001116485507179,1.0709634482985813,1.0709634482985813
2024-04-01,5243.77001953125,5263.9501953125,5229.2001953125,5257.97021484375,3325930000,-0.0020135845401164,0.0061076608202975,5174.0580822172615,-0.0020135845401164,1.0688069728560576,1.0688069728560576
2024-04-02,5205.81005859375,5208.33984375,5184.0498046875,5204.2900390625,3886590000,-0.0072390590731691,0.0061857854026862,5177.330938430059,-0.0072390590731691,1.0610698160417376,1.0610698160417376
2024-04-03,5211.490234375,5228.75,5194.3701171875,5194.3701171875,3703250000,0.0010911223646881,0.0061717966123011,5181.166178385417,0.0010911223646881,1.0622275730485162,1.0622275730485162
2024-04-04,5147.2099609375,5256.58984375,5146.06005859375,5244.0498046875,4075680000,-0.0123343363503796,0.0063761062074497,5184.430943080357,-0.0123343363503796,1.0491257008818884,1.0491257008818884
2024-04-05,5204.33984375,5222.18017578125,5157.2099609375,5158.9501953125,3386780000,0.0110991941743316,0.0067094090714698,5189.1728515625,0.0110991941743316,1.0607701507492584,1.0607701507492584
2024-04-08,5202.39013671875,5219.56982421875,5197.35009765625,5211.3701171875,3278180000,-0.0003746309983179,0.0063599259871963,5191.317150297619,-0.0003746309983179,1.0603727533686973,1.0603727533686973
2024-04-09,5209.91015625,5224.81005859375,5160.77978515625,5217.02978515625,3400680000,0.0014454931932483,0.006158339655177,5195.4228748139885,0.0014454931932483,1.0619055149659977,1.0619055149659977
2024-04-10,5160.64013671875,5178.43017578125,5138.7001953125,5167.8798828125,3845930000,-0.0094569806491084,0.0065456952949794,5197.456217447917,-0.0094569806491084,1.0518630950597827,1.0518630950597827
2024-04-11,5199.06005859375,5211.77978515625,5138.77001953125,5172.9501953125,3509380000,0.0074447977105855,0.0062822053595351,5198.589076450893,0.0074447977105855,1.0596940030217332,1.0596940030217332
2024-04-12,5123.41015625,5175.02978515625,5107.93994140625,5171.509765625,3963220000,-0.0145506882958016,0.0070559891529996,5196.593843005952,-0.0145506882958016,1.0442747258948337,1.0442747258948337
2024-04-15,5061.81982421875,5168.43017578125,5052.47021484375,5149.669921875,3950210000,-0.012021354947762,0.0074878586324372,5192.371930803572,-0.012021354947762,1.031721128751875,1.031721128751875
2024-04-16,5051.41015625,5079.83984375,5039.830078125,5064.58984375,4006200000,-0.0020565070133361,0.0073814247455392,5189.244326636905,-0.0020565070133361,1.0295993870147897,1.0295993870147897
2024-04-17,5022.2099609375,5077.9599609375,5007.25,5068.97021484375,3596130000,-0.0057806027246414,0.0072869203445967,5183.186709449405,-0.0057806027246414,1.0236476819929228,1.0236476819929228
2024-04-18,5011.1201171875,5056.66015625,5001.89013671875,5031.52001953125,3619760000,-0.0022081601199982,0.0071193337322521,5175.215773809524,-0.0022081601199982,1.0213873040046173,1.0213873040046173
2024-04-19,4967.22998046875,5019.02001953125,4953.56005859375,5005.43994140625,3878750000,-0.0087585481274361,0.0068625626731929,5162.959100632441,-0.0087585481274361,1.0124414341457406,1.0124414341457406
2024-04-22,5010.60009765625,5038.83984375,4969.39990234375,4987.330078125,3820250000,0.0087312480714667,0.0071846215069711,5151.962448846726,0.0087312480714667,1.0212813114650987,1.0212813114650987
2024-04-23,5070.5498046875,5076.1201171875,5027.9599609375,5028.85009765625,3751400000,0.0119645762708726,0.0078156655225979,5144.170526413691,0.0119645762708726,1.0335005096101397,1.0335005096101397
2024-04-24,5071.6298828125,5089.47998046875,5047.02001953125,5084.85986328125,3656740000,0.0002130100613548,0.0078153182272912,5137.191476004465,0.0002130100613548,1.0337206556171021,1.0337206556171021
2024-04-25,5048.419921875,5057.75,4990.580078125,5019.8798828125,3958050000,-0.0045764303535156,0.0078416354161462,5129.802897135417,-0.0045764303535156,1.02898990503168,1.02898990503168
2024-04-26,5099.9599609375,5114.6201171875,5073.14013671875,5084.64990234375,3604140000,0.010209142634743,0.0079495289768501,5122.730026971726,0.010209142634743,1.0394950097418592,1.0394950097418592
2024-04-29,5116.169921875,5123.490234375,5088.64990234375,5114.1298828125,3447450000,0.0031784486665891,0.0079939454666217,5116.150018601191,0.0031784486665891,1.0427989912694993,1.0427989912694993
2024-04-30,5035.68994140625,5110.830078125,5035.31005859375,5103.77978515625,4082470000,-0.0157305135868621,0.0085980823486287,5106.241443452381,-0.0157305135868621,1.0263952275689683,1.0263952275689683
2024-05-01,5018.39013671875,5096.1201171875,5013.4501953125,5029.02978515625,4544170000,-0.003435438815494,0.0085194922002336,5097.316685267857,-0.003435438815494,1.02286910956414,1.02286910956414
2024-05-02,5064.2001953125,5073.2099609375,5011.0498046875,5049.31982421875,4381660000,0.009128437077573,0.008826613417319,5090.302873883928,0.009128437077573,1.0322063058693893,1.0322063058693893
2024-05-03,5127.7900390625,5139.1201171875,5101.22021484375,5122.77978515625,3924990000,0.0125567397214785,0.0089450614270268,5089.378115699405,0.0125567397214785,1.04516745179106,1.04516745179106
2024-05-06,5180.740234375,5181.0,5142.419921875,5142.419921875,3683250000,0.0103261239070118,0.0088979532178831,5088.254324776785,0.0103261239070118,1.0559599804018303,1.0559599804018303
2024-05-07,5187.7001953125,5200.22998046875,5178.9599609375,5187.2001953125,3987890000,0.001343429823275,0.0089039576029123,5087.554803757441,0.001343429823275,1.057378588531687,1.057378588531687
2024-05-08,5187.669921875,5191.9501953125,5165.85986328125,5168.97998046875,3842100000,-5.835618166138978e-06,0.0088970174451009,5086.495744977678,-5.835618166138978e-06,1.0573724180739874,1.0573724180739874
2024-05-09,5214.080078125,5215.2998046875,5180.41015625,5189.02978515625,3727370000,0.0050909476986258,0.0087016438875398,5089.0405040922615,0.0050909476986258,1.0627554457523716,1.0627554457523716
2024-05-10,5222.68017578125,5239.66015625,5209.68017578125,5225.490234375,3617900000,0.0016493988445498,0.0085620508954548,5090.165271577381,0.0016493988445498,1.0645083533566346,1.0645083533566346
2024-05-13,5221.419921875,5237.259765625,5211.16015625,5233.080078125,4255710000,-0.0002413040553572,0.0078663243271985,5094.832403273809,-0.0002413040553572,1.0642514831740082,1.0642514831740082
2024-05-14,5246.68017578125,5250.3701171875,5217.97998046875,5221.10009765625,4763580000,0.0048378131397597,0.0073195101806464,5103.6352771577385,0.0048378131397597,1.0694001329833163,1.0694001329833163
2024-05-15,5308.14990234375,5311.759765625,5263.259765625,5263.259765625,4360810000,0.0117159278825962,0.0075753360418545,5115.860979352678,0.0117159278825962,1.0819291478189876,1.0819291478189876
2024-05-16,5297.10009765625,5325.490234375,5296.18994140625,5310.06982421875,3817470000,-0.0020816677921287,0.0074171873772574,5128.950985863095,-0.0020816677921287,1.0796769307586076,1.0796769307586076
2024-05-17,5303.27001953125,5305.4501953125,5283.58984375,5303.10009765625,3578120000,0.0011647735102702,0.0073447790949939,5142.862885974702,0.0011647735102702,1.0809345098472052,1.0809345098472052
2024-05-20,5308.1298828125,5325.31982421875,5302.39990234375,5305.35009765625,3420100000,0.0009163899374069,0.0068767961396087,5159.0962146577385,0.0009163899374069,1.0819250673550251,1.0819250673550251
2024-05-21,5321.41015625,5324.31982421875,5297.8701171875,5298.68994140625,3662240000,0.0025018742439781,0.0067590905162408,5173.896693638393,0.0025018742439781,1.084631907814955,1.084631907814955
2024-05-22,5307.009765625,5323.18017578125,5286.009765625,5319.27978515625,3847130000,-0.0027061230392261,0.0065286898044267,5185.156691778274,-0.0027061230392261,1.0816967604201373,1.0816967604201373
2024-05-23,5267.83984375,5341.8798828125,5256.93017578125,5340.259765625,3869520000,-0.0073807894850155,0.0068464167877139,5194.5000232514885,-0.0073807894850155,1.073712984344853,1.073712984344853
2024-05-24,5304.72021484375,5311.64990234375,5278.39013671875,5281.4501953125,3005510000,0.0070010425881694,0.0067703340804987,5206.704799107143,0.0070010425881694,1.0812300946757218,1.0812300946757218
2024-05-28,5306.0400390625,5315.91015625,5280.89013671875,5315.91015625,3751540000,0.000248801852934,0.0065395970353925,5216.518136160715,0.000248801852934,1.0814991067267252,1.0814991067267252
2024-05-29,5266.9501953125,5282.27001953125,5262.7001953125,5278.72998046875,3552750000,-0.0073670465096804,0.0068354003679566,5223.698149181548,-0.0073670465096804,1.0735316525072915,1.0735316525072915
2024-05-30,5235.47998046875,5260.2099609375,5222.10009765625,5259.77001953125,3818750000,-0.0059750355854433,0.0058767984142958,5233.211960565476,-0.0059750355854433,1.0671172626814607,1.0671172626814607
2024-05-31,5277.509765625,5280.330078125,5191.68017578125,5243.2099609375,5437160000,0.0080278762048646,0.0058916436296013,5245.550990513393,0.0080278762048646,1.0756839479623415,1.0756839479623415
2024-06-03,5283.39990234375,5302.10986328125,5234.31982421875,5297.14990234375,4046920000,0.0011160825806737,0.0056912971490955,5255.989071800595,0.0011160825806737,1.0768845000789726,1.0768845000789726
2024-06-04,5291.33984375,5298.7998046875,5257.6298828125,5278.240234375,3707900000,0.0015028090913065,0.0051554805604618,5263.777157738095,0.0015028090913065,1.0785028518959783,1.0785028518959783
2024-06-05,5354.02978515625,5354.16015625,5297.64013671875,5314.47998046875,3591460000,0.0118476497933313,0.0052944115368574,5272.029041108631,0.0118476497933313,1.0912805759863509,1.0912805759863509
2024-06-06,5352.9599609375,5362.35009765625,5335.35986328125,5357.7998046875,3609990000,-0.0001998166356331,0.0053085695475617,5279.898553757441,-0.0001998166356331,1.0910625199731256,1.0910625199731256
2024-06-07,5346.990234375,5375.080078125,5331.330078125,5343.81005859375,3692760000,-0.0011152197300303,0.0053298627697837,5287.485235305059,-0.0011152197300303,1.089845745524155,1.089845745524155
2024-06-10,5360.7900390625,5365.7900390625,5331.52001953125,5341.22021484375,3622280000,0.0025808546645145,0.0052720773980492,5294.471423921131,0.0025808546645145,1.0926584790000924,1.0926584790000924
2024-06-11,5375.31982421875,5375.9501953125,5327.25,5353.0,3568030000,0.0027103813151374,0.0052803138452641,5301.739978608631,0.0027103813151374,1.0956200001254008,1.0956200001254008
2024-06-12,5421.02978515625,5447.25,5409.1298828125,5409.1298828125,3962840000,0.0085036727919987,0.0054863758059235,5311.245210193452,0.0085036727919987,1.1049367941108368,1.1049367941108368
2024-06-13,5433.740234375,5441.93017578125,5402.509765625,5441.93017578125,3530380000,0.0023446558536817,0.0054442201952012,5320.15283203125,0.0023446558536817,1.107527490633097,1.107527490633097
2024-06-14,5431.60009765625,5432.39013671875,5403.75,5424.080078125,3438650000,-0.0003938606975009,0.0049471074573774,5326.031412760417,-0.0003938606975009,1.1070912790831349,1.1070912790831349
2024-06-17,5473.22998046875,5488.5,5420.39990234375,5431.10986328125,3447840000,0.0076643865645527,0.0050881517001,5334.418550037202,0.0076643865645527,1.1155764546082731,1.1155764546082731
2024-06-18,5487.02978515625,5490.3798828125,5471.31982421875,5476.14990234375,3544330000,0.0025213273947457,0.005091345212448,5343.169015066965,0.0025213273947457,1.1183891880842103,1.1183891880842103
2024-06-20,5473.169921875,5505.52978515625,5455.56005859375,5499.990234375,3847060000,-0.0025259318472709,0.0051704617701263,5351.028064546131,-0.0025259318472709,1.115564213216385,1.115564213216385
2024-06-21,5464.6201171875,5478.31005859375,5452.02978515625,5466.77001953125,6773800000,-0.0015621303211011,0.0052059130578065,5357.847586495535,-0.0015621303211011,1.1138215565337843,1.1138215565337843
2024-06-24,5447.8701171875,5490.66015625,5447.58984375,5459.580078125,3696750000,-0.00306517189499,0.0052202230469992,5364.555222284226,-0.00306517189499,1.110407502002663,1.110407502002663
2024-06-25,5469.2998046875,5472.8798828125,5446.56005859375,5460.72998046875,3591960000,0.0039335900157368,0.0048547760586013,5374.148553757441,0.0039335900157368,1.11477538986594,1.11477538986594
2024-06-26,5477.89990234375,5483.14013671875,5451.8701171875,5460.7099609375,3563920000,0.0015724312002203,0.0047062409130363,5382.395205543155,0.0015724312002203,1.116528297470203,1.116528297470203
2024-06-27,5482.8701171875,5490.81005859375,5467.5400390625,5473.58984375,3589530000,0.0009073212238914,0.0046993861824424,5390.815685453869,0.0009073212238914,1.1175413472915732,1.1175413472915732
2024-06-28,5460.47998046875,5523.64013671875,5451.1201171875,5488.47998046875,7199220000,-0.0040836525834456,0.0044342182883396,5400.031389508928,-0.0040836525834456,1.1129776966815987,1.1129776966815987
2024-07-01,5475.08984375,5479.5498046875,5446.52978515625,5471.080078125,3488760000,0.0026755639309195,0.0040695425608782,5411.441382998512,0.0026755639309195,1.1159555396627578,1.1159555396627578
2024-07-02,5509.009765625,5509.68994140625,5458.43017578125,5461.83984375,3329950000,0.0061953178565135,0.003955035491349,5422.465192522322,0.0061953178565135,1.1228692389447057,1.1228692389447057
2024-07-03,5537.02001953125,5539.27001953125,5507.419921875,5507.43994140625,2179470000,0.005084444409779,0.004002508791242,5434.542340959822,0.005084444409779,1.128578405169571,1.128578405169571
2024-07-05,5567.18994140625,5570.330078125,5531.6298828125,5537.91015625,3253080000,0.0054487651784855,0.0040582679169616,5447.678059895833,0.0054487651784855,1.1347277638848499,1.1347277638848499
2024-07-08,5572.85009765625,5583.10986328125,5562.509765625,5572.75,3185670000,0.001016698964751,0.0034432900939269,5458.098074776785,0.001016698964751,1.1358814404276658,1.1358814404276658
2024-07-09,5576.97998046875,5590.75,5574.56982421875,5584.240234375,3232920000,0.0007410719362856,0.0034204426490763,5468.765694754465,0.0007410719362856,1.1367232102861144,1.1367232102861144
2024-07-10,5633.91015625,5635.39013671875,5586.43994140625,5591.259765625,3336100000,0.0102080652935148,0.0037845905698379,5482.428548177083,0.0102080652935148,1.148326955037369,1.148326955037369
2024-07-11,5584.5400390625,5642.4501953125,5576.52978515625,5635.2099609375,4020950000,-0.0087630288411204,0.0045119841481386,5493.083310081845,-0.0087630288411204,1.1382641328113405,1.1382641328113405
2024-07-12,5615.35009765625,5655.56005859375,5590.43994140625,5590.759765625,3700280000,0.0055170270744306,0.0045764683582897,5504.513323102678,0.0055170270744306,1.144543966849914,1.144543966849914
2024-07-15,5631.22021484375,5666.93994140625,5614.75,5638.16015625,3620470000,0.0028262026252154,0.0043403942910123,5514.522391183035,0.0028262026252154,1.1477786800136998,1.1477786800136998
2024-07-16,5667.2001953125,5669.669921875,5639.02001953125,5644.08984375,4041760000,0.0063893754987431,0.0044530256265837,5525.639532180059,0.0063893754987431,1.155112268989759,1.155112268989759
2024-07-17,5588.27001953125,5622.490234375,5584.81005859375,5610.06982421875,4246450000,-0.0139275432419937,0.0056401224485609,5533.100004650298,-0.0139275432419937,1.1390243929140467,1.1390243929140467
2024-07-18,5544.58984375,5614.0498046875,5522.81005859375,5608.56005859375,4007510000,-0.0078164039369225,0.00578612259046,5536.498093377976,-0.0078164039369225,1.1301213181650225,1.1301213181650225
2024-07-19,5505.0,5557.5,5497.0400390625,5543.3701171875,3760570000,-0.0071402655319269,0.0060083168046318,5537.353817894345,-0.0071402655319269,1.122051951870033,1.122051951870033
2024-07-22,5564.41015625,5570.35986328125,5529.0400390625,5544.5400390625,3375180000,0.0107920356494095,0.0063993459948396,5541.698590959822,0.0107920356494095,1.1341611765351038,1.1341611765351038
2024-07-23,5555.740234375,5585.33984375,5550.89990234375,5565.2998046875,3500210000,-0.0015581025897707,0.0063992714944805,5546.037644159226,-0.0015581025897707,1.132394037068727,1.132394037068727
2024-07-24,5427.1298828125,5508.0400390625,5419.97998046875,5505.83984375,3945550000,-0.0231490937547349,0.0082423276950865,5545.050013950893,-0.0231490937547349,1.1061801413373202,1.1061801413373202
2024-07-25,5399.22021484375,5491.58984375,5390.9501953125,5428.7001953125,4592120000,-0.0051426202378422,0.0082554959158653,5541.712890625,-0.0051426202378422,1.1004914769557799,1.1004914769557799
2024-07-26,5459.10009765625,5488.31982421875,5430.7001953125,5433.669921875,3638770000,0.0110904687028463,0.0086323261746535,5540.817661830357,0.0110904687028463,1.1126964432387072,1.1126964432387072
2024-07-29,5463.5400390625,5487.740234375,5444.43994140625,5476.5498046875,3379970000,0.0008133101292933,0.0086317867629445,5539.897181919643,0.0008133101292933,1.113601410526822,1.113601410526822
2024-07-30,5436.43994140625,5489.4599609375,5401.7001953125,5478.72998046875,3777740000,-0.0049601718780302,0.0086539386691536,5538.7524181547615,-0.0049601718780302,1.108077756126992,1.108077756126992
2024-07-31,5522.2998046875,5551.509765625,5493.75,5505.58984375,4546910000,0.0157933986591674,0.0093178936042417,5541.0005115327385,0.0157933986591674,1.1255780698748614,1.1255780698748614
2024-08-01,5446.68017578125,5566.16015625,5410.419921875,5537.83984375,4703620000,-0.013693502993456,0.0097074026978934,5538.032435825893,-0.013693502993456,1.1101649632056616,1.1101649632056616
2024-08-02,5346.56005859375,5383.89013671875,5302.02978515625,5376.6298828125,5156450000,-0.0183818608686967,0.0103614254460772,5528.9629138764885,-0.0183818608686967,1.0897580653107133,1.0897580653107133
2024-08-05,5186.330078125,5250.89013671875,5119.259765625,5151.14013671875,5333250000,-0.0299687983886397,0.0119196347192367,5510.826729910715,-0.0299687983886397,1.0570993255590224,1.0570993255590224
2024-08-06,5240.02978515625,5312.33984375,5193.56005859375,5206.419921875,4690190000,0.010354085880061,0.0122580880902621,5494.978143601191,0.010354085880061,1.0680446227596152,1.0680446227596152
2024-08-07,5199.5,5330.64013671875,5195.5400390625,5293.1298828125,4558260000,-0.0077346478585028,0.0122732547006585,5477.002906436012,-0.0077346478585028,1.0597836737054023,1.0597836737054023
2024-08-08,5319.31005859375,5328.02978515625,5233.85009765625,5252.56982421875,4016830000,0.0230426115191364,0.0132575269968432,5462.0219494047615,0.0230426115191364,1.0842038571929191,1.0842038571929191
2024-08-09,5344.16015625,5358.669921875,5300.83984375,5314.66015625,3516400000,0.0046716768495385,0.0132718534777248,5450.575288318452,0.0046716768495385,1.0892689072527477,1.0892689072527477
2024-08-12,5344.39013671875,5371.2001953125,5324.3701171875,5351.8798828125,3360160000,4.303397765514916e-05,0.0131700189661734,5437.672433035715,4.303397765514916e-05,1.089315782826563,1.089315782826563
2024-08-13,5434.43017578125,5436.5,5376.97998046875,5376.97998046875,3648980000,0.0168475797535583,0.0137824509735402,5428.301478794643,0.0168475797535583,1.1076681173545433,1.1076681173545433
2024-08-14,5455.2099609375,5463.22021484375,5415.91015625,5442.35986328125,3380050000,0.0038237284285767,0.0137192997144244,5418.206705729167,0.0038237284285767,1.1119035394243,1.1119035394243
2024-08-15,5543.22021484375,5546.22998046875,5501.1298828125,5501.1298828125,3723310000,0.0161332477643307,0.0139486543453307,5416.061476934524,0.0161332477643307,1.1298421547158686,1.1298421547158686
2024-08-16,5554.25,5561.97998046875,5525.169921875,5530.5,3357690000,0.0019897793572614,0.013847955914147,5416.521484375,0.0019897793572614,1.132090291312286,1.132090291312286
2024-08-19,5608.25,5608.2998046875,5550.740234375,5557.22998046875,3222050000,0.0097222847369131,0.0138914174140918,5421.438151041667,0.0097222847369131,1.143096795472319,1.143096795472319
2024-08-20,5597.1201171875,5620.509765625,5585.5,5602.8798828125,2994420000,-0.0019845553982971,0.0137187936252675,5422.995768229167,-0.0019845553982971,1.1408282565560883,1.1408282565560883
2024-08-21,5620.85009765625,5632.68017578125,5591.56982421875,5603.08984375,3119670000,0.004239676828782,0.0137363971482947,5426.096237909226,0.004239676828782,1.1456649996810289,1.1456649996810289
2024-08-22,5570.64013671875,5643.22021484375,5560.9501953125,5637.77001953125,2981530000,-0.0089328055481209,0.0128252044393516,5432.930059523809,-0.0089328055481209,1.1354309970155902,1.1354309970155902
2024-08-23,5634.60986328125,5641.81982421875,5585.16015625,5602.490234375,3291940000,0.0114833708501191,0.0129189981949908,5444.139090401785,0.0114833708501191,1.1484695722290408,1.1484695722290408
2024-08-26,5616.83984375,5651.6201171875,5602.33984375,5639.66015625,2938570000,-0.0031537266931381,0.012797495145553,5451.650506882441,-0.0031537266931381,1.144847613082845,1.144847613082845
2024-08-27,5625.7998046875,5631.18017578125,5593.47998046875,5602.89013671875,2798990000,0.001595196086545,0.0127967315084118,5459.377162388393,0.001595196086545,1.1466738695149252,1.1466738695149252
2024-08-28,5592.18017578125,5627.02978515625,5560.9501953125,5624.509765625,3053450000,-0.0059759732079761,0.0128241545194206,5466.793364025298,-0.0059759732079761,1.1398213771924177,1.1398213771924177
2024-08-29,5591.9599609375,5646.9501953125,5583.7099609375,5607.2998046875,3065640000,-3.937906806072977e-05,0.0123953992013283,5470.110514322917,-3.937906806072977e-05,1.1397764920888283,1.1397764920888283
2024-08-30,5648.39990234375,5651.3701171875,5581.7900390625,5612.740234375,4185850000,0.0100930517744244,0.0121004840368486,5479.716215587798,0.0100930517744244,1.1512803152347526,1.1512803152347526
2024-09-03,5528.93017578125,5623.89013671875,5504.330078125,5623.89013671875,3866350000,-0.0211510743977116,0.0123440901649339,5488.400506882441,-0.0211510743977116,1.1269294996346015,1.1269294996346015
2024-09-04,5520.06982421875,5552.990234375,5503.66015625,5506.68017578125,3478140000,-0.0016025435809103,0.0100469751487094,5504.292875744048,-0.0016025435809103,1.1251235459988236,1.1251235459988236
2024-09-05,5503.41015625,5546.2998046875,5480.5400390625,5520.080078125,3521650000,-0.0030180176155847,0.0099825972181709,5516.834798177083,-0.0030180176155847,1.12172790331729,1.12172790331729
2024-09-06,5408.419921875,5522.47021484375,5402.6201171875,5507.330078125,3822800000,-0.0172602498592846,0.0106589387766609,5526.783365885417,-0.0172602498592846,1.102366599431902,1.102366599431902
2024-09-09,5471.0498046875,5484.2001953125,5434.490234375,5442.06982421875,3825940000,0.0115800702824842,0.0097811672231508,5534.009068080357,0.0115800702824842,1.1151320821303865,1.1151320821303865
2024-09-10,5495.52001953125,5497.91015625,5441.72021484375,5490.509765625,3848180000,0.0044726726528396,0.0097779205456517,5541.216680617559,0.0044726726528396,1.1201197028984353,1.1201197028984353
2024-09-11,5554.1298828125,5560.41015625,5406.9599609375,5496.419921875,3839450000,0.0106650258888965,0.0099781802723643,5551.204287574405,0.0106650258888965,1.1320658085285102,1.1320658085285102
2024-09-12,5595.759765625,5600.7099609375,5535.5,5557.47998046875,3655070000,0.0074953023589392,0.0094727556334511,5558.886648995535,0.0074953023589392,1.1405509840536485,1.1405509840536485
2024-09-13,5626.02001953125,5636.27001953125,5601.64990234375,5603.33984375,3500790000,0.0054077114053645,0.0094989811964244,5567.020461309524,0.0054077114053645,1.1467187546185151,1.1467187546185151
2024-09-16,5633.08984375,5636.0498046875,5604.52978515625,5615.2099609375,3437070000,0.0012566297656613,0.0088892307368116,5571.299967447917,0.0012566297656613,1.1481597555384109,1.1481597555384109
2024-09-17,5634.580078125,5670.81005859375,5614.0498046875,5655.509765625,3443600000,0.0002645500810987,0.0088856947000399,5575.125209263393,0.0002645500810987,1.1484635012948528,1.1484635012948528
2024-09-18,5618.259765625,5689.75,5615.080078125,5641.68017578125,3691390000,-0.002896455862498,0.0086706725528113,5575.601864769345,-0.002896455862498,1.1451370274536623,1.1451370274536623
2024-09-19,5713.64013671875,5733.56982421875,5686.419921875,5702.6298828125,4024530000,0.0169768531667633,0.0093972908714035,5581.150437127976,0.0169768531667633,1.164577850624567,1.164577850624567
2024-09-20,5702.5498046875,5715.14013671875,5674.490234375,5709.64013671875,7867260000,-0.0019410273951238,0.0093883193440898,5585.040899367559,-0.0019410273951238,1.1623173731127503,1.1623173731127503
2024-09-23,5718.56982421875,5725.35986328125,5704.22021484375,5711.89990234375,3529550000,0.0028092730585327,0.0091301996771954,5592.085170200893,0.0028092730585327,1.1655826399945004,1.1655826399945004
2024-09-24,5732.93017578125,5735.31982421875,5698.990234375,5727.66015625,3872710000,0.002511178844347,0.0088344198697465,5596.76708984375,0.002511178844347,1.1685096264613928,1.1685096264613928
2024-09-25,5722.259765625,5741.02978515625,5712.06005859375,5733.64990234375,3624910000,-0.0018612489301417,0.0088095163229304,5601.787086123512,-0.0018612489301417,1.166334739169281,1.166334739169281
2024-09-26,5745.3701171875,5767.3701171875,5721.009765625,5762.22021484375,4391180000,0.0040386757171231,0.0088349396405091,5607.480910528274,0.0040386757171231,1.1710451869584013,1.1710451869584013
2024-09-27,5738.169921875,5763.77978515625,5727.33984375,5755.35986328125,3898530000,-0.0012532169669905,0.0087066145917848,5614.432803199405,-0.0012532169669905,1.1695776132609925,1.1695776132609925
2024-09-30,5762.47998046875,5765.14013671875,5703.52978515625,5726.52001953125,4425730000,0.0042365525811767,0.0087245854851809,5622.552804129465,0.0042365525811767,1.1745325903173398,1.1745325903173398
2024-10-01,5708.75,5757.72998046875,5681.27978515625,5757.72998046875,4025180000,-0.0093241070946643,0.008793418975447,5625.426618303572,-0.0093241070946643,1.1635811226590476,1.1635811226590476
2024-10-02,5709.5400390625,5719.6298828125,5674.0,5698.14013671875,3829050000,0.0001383909021239,0.0072609402397895,5634.027087983631,0.0001383909021239,1.1637421517003068,1.1637421517003068
2024-10-03,5699.93994140625,5718.77978515625,5677.3701171875,5698.18994140625,3597450000,-0.001681413492255,0.0072626763869968,5642.592331659226,-0.001681413492255,1.161785419944932,1.161785419944932
2024-10-04,5751.06982421875,5753.2099609375,5702.830078125,5737.47998046875,3479400000,0.0089702493952743,0.0073559577033731,5654.385649181548,0.0089702493952743,1.1722069249056315,1.1722069249056315
2024-10-07,5695.93994140625,5739.33984375,5686.85009765625,5737.7998046875,3637790000,-0.0095860221658826,0.0064837190355304,5668.077078683035,-0.0095860221658826,1.160970123340485,1.160970123340485
2024-10-08,5751.1298828125,5757.60009765625,5714.56005859375,5719.14013671875,3393400000,0.0096893474955819,0.0063631807391076,5681.414225260417,0.0096893474955819,1.1722191662975197,1.1722191662975197
2024-10-09,5792.0400390625,5796.7998046875,5745.02001953125,5751.7998046875,3650340000,0.0071134119874882,0.0064319218653288,5695.534226190476,0.0071134119874882,1.180557644167024,1.180557644167024
2024-10-10,5780.0498046875,5795.02978515625,5764.759765625,5778.35986328125,3208790000,-0.0020701228399899,0.0062230624081328,5706.292317708333,-0.0020701228399899,1.1781137448239092,1.1781137448239092
2024-10-11,5815.02978515625,5822.1298828125,5775.08984375,5775.08984375,3208720000,0.0060518475879536,0.0061660990978998,5716.733747209822,0.0060518475879536,1.1852435096488567,1.1852435096488567
2024-10-14,5859.85009765625,5871.41015625,5829.56982421875,5829.81005859375,3005250000,0.0077076668832223,0.006252273130559,5727.868512834822,0.0077076668832223,1.1943789717967315,1.1943789717967315
2024-10-15,5815.259765625,5870.35986328125,5804.47998046875,5866.740234375,3882120000,-0.0076094663324381,0.0065922209137219,5736.543271019345,-0.0076094663324381,1.1852903852226722,1.1852903852226722
2024-10-16,5842.47021484375,5846.52001953125,5808.33984375,5816.580078125,3467230000,0.0046791459565738,0.0066199324928704,5746.442801339285,0.0046791459565738,1.1908365319360525,1.1908365319360525
2024-10-17,5841.47021484375,5878.4599609375,5840.25,5875.6201171875,3480010000,-0.0001711604789117,0.0065506902536402,5757.071870349702,-0.0001711604789117,1.1906327077849408,1.1906327077849408
2024-10-18,5864.669921875,5872.169921875,5846.10986328125,5859.43017578125,3374490000,0.0039715527389487,0.00559717754552,5764.263764880952,0.0039715527389487,1.195361368376626,1.195361368376626
2024-10-21,5853.97998046875,5866.919921875,5824.7900390625,5857.81982421875,3407010000,-0.0018227694906369,0.0055938565005463,5771.474725632441,-0.0018227694906369,1.1931825001440632,1.1931825001440632
2024-10-22,5851.2001953125,5863.0400390625,5821.169921875,5832.7001953125,3342080000,-0.0004748538883844,0.0055943936678021,5777.790457589285,-0.0004748538883844,1.1926159127943177,1.1926159127943177
2024-10-23,5797.419921875,5834.85009765625,5762.41015625,5834.5,3532650000,-0.0091913234280693,0.0060146263229849,5780.861397879465,-0.0091913234280693,1.181654194214363,1.181654194214363
2024-10-24,5809.85986328125,5817.7998046875,5784.919921875,5817.7998046875,3543030000,0.0021457720113238,0.0059978410602669,5785.032831101191,0.0021457720113238,1.1841897547113716,1.1841897547113716
2024-10-25,5808.1201171875,5862.81982421875,5799.97998046875,5826.75,3501280000,-0.0002994471699301,0.0059531188492624,5788.020926339285,-0.0002994471699301,1.183835152440663,1.183835152440663
2024-10-28,5823.52001953125,5842.919921875,5823.080078125,5833.93017578125,3691280000,0.0026514435020339,0.0059554749660993,5792.085216703869,0.0026514435020339,1.186974024463081,1.186974024463081
2024-10-29,5832.919921875,5847.18994140625,5802.169921875,5819.68017578125,3879100000,0.0016141272481633,0.0059053393373349,5795.439499627976,0.0016141272481633,1.1888899515788292,1.1888899515788292
2024-10-30,5813.669921875,5850.93994140625,5811.27978515625,5832.64990234375,3851120000,-0.0033002338893437,0.0055340432333154,5800.435686383928,-0.0033002338893437,1.1849663366699283,1.1849663366699283
2024-10-31,5705.4501953125,5775.33984375,5702.85986328125,5775.33984375,4425660000,-0.0186147008716995,0.006983344063719,5800.240931919643,-0.0186147008716995,1.162908542769784,1.162908542769784
2024-11-01,5728.7998046875,5772.52001953125,5723.22021484375,5723.22021484375,3796450000,0.0040925095436261,0.0070278041924849,5801.615211123512,0.0040925095436261,1.1676677570794338,1.1676677570794338
2024-11-04,5712.68994140625,5741.43017578125,5696.509765625,5725.14990234375,3602060000,-0.0028120834782999,0.0067633454990764,5799.78759765625,-0.0028120834782999,1.1643841778716073,1.1643841778716073
2024-11-05,5782.759765625,5783.43994140625,5722.10009765625,5722.43017578125,3768310000,0.0122656445452913,0.0069413603270189,5803.921875,0.0122656445452913,1.1786661003115417,1.1786661003115417
2024-11-06,5929.0400390625,5936.14013671875,5864.89013671875,5864.89013671875,6329530000,0.0252959277864259,0.0085873181598268,5812.393787202381,0.0252959277864259,1.208481552869331,1.208481552869331
2024-11-07,5973.10009765625,5983.83984375,5947.2099609375,5947.2099609375,4925740000,0.0074312297274883,0.0085980036442117,5821.015694754465,0.0074312297274883,1.2174620569101346,1.2174620569101346
2024-11-08,5995.5400390625,6012.4501953125,5976.759765625,5976.759765625,4666740000,0.0037568333092317,0.0085709434540455,5831.277134486607,0.0037568333092317,1.2220358589182605,1.2220358589182605
2024-11-11,6001.35009765625,6017.31005859375,5986.68994140625,6008.85986328125,4333000000,0.0009690634297987,0.0085158504390023,5840.149530319941,0.0009690634297987,1.2232200891790408,1.2232200891790408
2024-11-12,5983.990234375,6009.919921875,5960.080078125,6003.60009765625,4243400000,-0.0028926596513724,0.0084456973540291,5846.060965401785,-0.0028926596513724,1.2196817297823244,1.2196817297823244
2024-11-13,5985.3798828125,6008.18994140625,5965.91015625,5985.75,4220180000,0.0002322277248243,0.008214691714668,5854.161923363095,0.0002322277248243,1.2199649736954414,1.2199649736954414
2024-11-14,5949.169921875,5993.8798828125,5942.27978515625,5989.68017578125,4184570000,-0.006049734794859,0.0083337163720593,5859.242861793155,-0.006049734794859,1.212584509145567,1.212584509145567
2024-11-15,5870.6201171875,5915.31982421875,5853.009765625,5912.7900390625,4590960000,-0.0132034898513612,0.0088841502923024,5860.630952380952,-0.0132034898513612,1.1965741618851455,1.1965741618851455
2024-11-18,5893.6201171875,5908.1201171875,5865.9501953125,5874.169921875,3983860000,0.003917814394541,0.0088830398354698,5862.009533110119,0.003917814394541,1.2012621173607152,1.2012621173607152
2024-11-19,5916.97998046875,5923.509765625,5855.2900390625,5870.0498046875,4036940000,0.00396358482847,0.008904531670037,5865.009533110119,0.00396358482847,1.206023421664102,1.206023421664102
2024-11-20,5917.10986328125,5920.669921875,5860.56005859375,5914.33984375,3772620000,2.195086225209586e-05,0.0089023393538939,5868.148088727678,2.195086225209586e-05,1.2060498949181038,1.2060498949181038
2024-11-21,5948.7099609375,5963.31982421875,5887.259765625,5940.580078125,4230120000,0.0053404615405816,0.0086672287814072,5875.352376302083,0.0053404615405816,1.2124907579979365,1.2124907579979365
2024-11-22,5969.33984375,5972.89990234375,5944.35986328125,5944.35986328125,4141420000,0.0034679590949915,0.008678755666812,5882.946661086309,0.0034679590949915,1.2166956263497286,1.2166956263497286
2024-11-25,5987.3701171875,6020.75,5963.91015625,5992.27978515625,5633150000,0.0030204803059383,0.0086779017123665,5891.482375372024,0.0030204803059383,1.2203706315274394,1.2203706315274394
2024-11-26,6021.6298828125,6025.419921875,5992.27001953125,6000.02978515625,3835170000,0.0057220056476303,0.0087242967835502,5900.916178385417,0.0057220056476303,1.2273535991732416,1.2273535991732416
2024-11-27,5998.740234375,6020.16015625,5984.8701171875,6014.10986328125,3363340000,-0.00380123801744,0.0088044684568895,5908.812383742559,-0.00380123801744,1.2226881360112225,1.2226881360112225
2024-11-29,6032.3798828125,6044.169921875,6003.97998046875,6003.97998046875,2444420000,0.0056077854888152,0.0087826445319144,5919.227143787202,0.0056077854888152,1.2295447087976927,1.2295447087976927
2024-12-02,6047.14990234375,6053.580078125,6035.330078125,6040.10986328125,4412470000,0.0024484564662998,0.0074342724843526,5935.4985584077385,0.0024484564662998,1.2325551954905531,1.2325551954905531
2024-12-03,6049.8798828125,6052.06982421875,6033.39013671875,6042.97021484375,4095000000,0.0004514491145146,0.0074450659128213,5950.7880859375,0.0004514491145146,1.2331116314421477,1.2331116314421477
2024-12-04,6086.490234375,6089.83984375,6061.06005859375,6069.39013671875,4003390000,0.0060514179242647,0.007372222732611,5968.588099888393,0.0060514179242647,1.2405737052712762,1.2405737052712762
2024-12-05,6075.10986328125,6094.5498046875,6072.89990234375,6089.02978515625,4212020000,-0.0018697756269248,0.0071299035213471,5982.509533110119,-0.0018697756269248,1.2382541107937561,1.2382541107937561
2024-12-06,6090.27001953125,6099.97021484375,6079.97998046875,6081.3798828125,3924830000,0.0024954538421815,0.0048301936035519,5990.187151227678,0.0024954538421815,1.2413441167721335,1.2413441167721335
2024-12-09,6052.85009765625,6088.509765625,6048.6298828125,6083.009765625,4556460000,-0.0061442139272964,0.004875351874959,5993.984770275298,-0.0061442139272964,1.2337170329612948,1.2337170329612948
2024-12-10,6034.91015625,6065.39990234375,6029.89013671875,6057.58984375,4048410000,-0.0029638833139443,0.0048813201161843,5995.859537760417,-0.0029638833139443,1.230060439633172,1.230060439633172
2024-12-11,6084.18994140625,6092.58984375,6060.14990234375,6060.14990234375,4269950000,0.0081657860482335,0.0051728611136768,5999.804292224702,0.0081657860482335,1.2401048500096126,1.2401048500096126
2024-12-12,6051.25,6079.68017578125,6051.25,6074.2900390625,3678010000,-0.0054140225278102,0.0052875737861388,6003.007138206845,-0.0054140225278102,1.2333908944148138,1.2333908944148138
2024-12-13,6051.08984375,6078.580078125,6035.77001953125,6068.169921875,3584960000,-2.646663912420077e-05,0.005288641947484,6006.136183965774,-2.646663912420077e-05,1.2333582507031122,1.2333582507031122
2024-12-16,6074.080078125,6085.18994140625,6059.14013671875,6063.7900390625,4391100000,0.0037993543260221,0.0051093240505006,6012.084286644345,0.0037993543260221,1.2380442157084564,1.2380442157084564
2024-12-17,6050.60986328125,6057.68017578125,6035.18994140625,6052.5498046875,4544500000,-0.0038639949658014,0.0041220401115638,6020.655226934524,-0.0038639949658014,1.2332604190915193,1.2332604190915193
2024-12-18,5872.16015625,6070.669921875,5867.7900390625,6047.64990234375,5246960000,-0.0294928463516034,0.007867173404444,6019.6333240327385,-0.0294928463516034,1.196888059039739,1.196888059039739
2024-12-19,5867.080078125,5935.52001953125,5866.06982421875,5912.7099609375,4896880000,-0.000865112324907,0.0078114899348274,6017.257138206845,-0.000865112324907,1.1958526164283296,1.1958526164283296
2024-12-20,5930.85009765625,5982.06005859375,5832.2998046875,5842.0,8223220000,0.0108691237689104,0.0081884994661235,6017.911435081845,0.0108691237689104,1.2088504865256646,1.2088504865256646
2024-12-23,5974.06982421875,5978.25,5902.56982421875,5940.25,3593280000,0.0072872734685336,0.0082609863845738,6019.119047619048,0.0072872734685336,1.2176597106035472,1.2176597106035472
2024-12-24,6040.0400390625,6040.10009765625,5981.43994140625,5984.6298828125,1757720000,0.0110427592553921,0.008568821627878,6022.485723586309,0.0110427592553921,1.2311060336427326,1.2311060336427326
2024-12-26,6037.58984375,6049.75,6007.3701171875,6024.97021484375,2904530000,-0.0004056587864739,0.0085529572718397,6024.877139136905,-0.0004056587864739,1.2306066246631044,1.2306066246631044
2024-12-27,5970.83984375,6006.169921875,5932.9501953125,6006.169921875,3159610000,-0.0110557361012355,0.0088138404545311,6022.458565848215,-0.0110557361012355,1.2170013625763971,1.2170013625763971
2024-12-30,5906.93994140625,5940.7900390625,5869.16015625,5920.669921875,3433250000,-0.0107019957017667,0.0090731505919798,6018.087123325893,-0.0107019957017667,1.2039770192250603,1.2039770192250603
2024-12-31,5881.6298828125,5929.740234375,5868.85986328125,5919.740234375,3128350000,-0.0042848003949274,0.0089859674111933,6010.908551897322,-0.0042848003949274,1.1988182180176012,1.1988182180176012
2025-01-02,5868.5498046875,5935.08984375,5829.52978515625,5903.259765625,3621680000,-0.0022238866412221,0.0089497801255067,6002.4037853422615,-0.0022238866412221,1.1961521821972982,1.1961521821972982
2025-01-03,5942.47021484375,5949.33984375,5888.66015625,5891.06982421875,3667340000,0.0125960267214919,0.0094528286773874,5997.289039248512,0.0125960267214919,1.2112189470472263,1.2112189470472263
2025-01-06,5975.3798828125,6021.0400390625,5960.009765625,5982.81005859375,4940120000,0.0055380450854503,0.009434844209794,5991.9980701264885,0.0055380450854503,1.2179267321843255,1.2179267321843255
2025-01-07,5909.02978515625,6000.68017578125,5890.68017578125,5993.259765625,4517330000,-0.0111039128821078,0.0096970601796546,5984.089494977678,-0.0111039128821078,1.2044029798533604,1.2044029798533604
2025-01-08,5918.25,5927.89013671875,5874.77978515625,5910.66015625,4441740000,0.0015603601909253,0.0096810196129746,5975.898065476191,0.0015603601909253,1.2062822823169554,1.2062822823169554
2025-01-10,5827.0400390625,5890.35009765625,5807.77978515625,5890.35009765625,4751930000,-0.0154116438030668,0.010113562291539,5965.145205543155,-0.0154116438030668,1.187691489455936,1.187691489455936
2025-01-13,5836.22021484375,5838.60986328125,5773.31005859375,5782.02001953125,4421200000,0.0015754440882007,0.0101350269395066,5955.683779761905,0.0015754440882007,1.1895626309916059,1.1895626309916059
2025-01-14,5842.91015625,5871.919921875,5805.419921875,5859.27001953125,4142280000,0.001146279811244,0.0099120939722714,5944.194266183035,0.001146279811244,1.1909262026197218,1.1909262026197218
2025-01-15,5949.91015625,5960.60986328125,5905.2099609375,5905.2099609375,4544570000,0.0183127922796391,0.0108012573856368,5939.368559337798,0.0183127922796391,1.212735386788676,1.212735386788676
2025-01-16,5937.33984375,5964.68994140625,5930.72021484375,5963.60986328125,4285810000,-0.0021126894641922,0.0108038826752629,5933.951892671131,-0.0021126894641922,1.2101732535141547,1.2101732535141547
2025-01-17,5996.66015625,6014.9599609375,5978.43994140625,5995.39990234375,4366830000,0.0099910589693537,0.011019372849839,5930.265229724702,0.0099910589693537,1.2222641658531492,1.2222641658531492
2025-01-21,6049.240234375,6051.509765625,6006.8798828125,6014.1201171875,4702920000,0.0087682271055828,0.0111732795933742,5930.200009300595,0.0087682271055828,1.2329812556423654,1.2329812556423654
2025-01-22,6086.3701171875,6100.81005859375,6076.1298828125,6081.39013671875,4323040000,0.0061379415222275,0.0089463478192754,5940.400483630952,0.0061379415222275,1.240549222487501,1.240549222487501
2025-01-23,6118.7099609375,6118.72998046875,6074.669921875,6076.31982421875,4432250000,0.0053134862204113,0.0089577831163853,5952.382859002976,0.0053134862204113,1.2471408636869303,1.2471408636869303
2025-01-24,6101.240234375,6128.18017578125,6088.740234375,6121.43017578125,4214250000,-0.0028551323193988,0.0087803052284578,5960.496675037202,-0.0028551323193988,1.2435801115001748,1.2435801115001748
2025-01-27,6012.27978515625,6017.169921875,5962.919921875,5969.0400390625,5198750000,-0.0145807156908095,0.0093253189839322,5962.316196986607,-0.0145807156908095,1.2254478234556454,1.2254478234556454
2025-01-28,6067.7001953125,6074.5400390625,5994.6298828125,6026.97021484375,4473640000,0.0092178694499676,0.0092286479978086,5963.633347284226,0.0092178694499676,1.2367438415100065,1.2367438415100065
2025-01-29,6039.31005859375,6062.830078125,6012.9599609375,6057.7001953125,4115310000,-0.0046788957603215,0.0092909181225756,5963.715262276785,-0.0046788957603215,1.2309572459933615,1.2309572459933615
2025-01-30,6071.169921875,6086.64013671875,6027.4599609375,6050.75,4634620000,0.0052754144053117,0.0089931580917186,5968.492885044643,0.0052754144053117,1.2374510555811977,1.2374510555811977
